VINA_XS: atom[0] ad=1 xs=C_P het=1 bonds=[1(ad10) 2(ad1) 6(ad1) ]
VINA_XS: atom[1] ad=10 xs=O_A het=0 bonds=[0(ad1) 8(ad0) ]
VINA_XS: atom[2] ad=1 xs=C_H het=0 bonds=[0(ad1) 3(ad1) ]
VINA_XS: atom[3] ad=1 xs=C_H het=0 bonds=[2(ad1) 4(ad1) ]
VINA_XS: atom[4] ad=1 xs=C_H het=0 bonds=[3(ad1) 5(ad0) 7(ad1) ]
VINA_XS: atom[5] ad=0 xs=C_H het=0 bonds=[4(ad1) 15(ad0) ]
VINA_XS: atom[6] ad=1 xs=C_H het=0 bonds=[0(ad1) 7(ad1) ]
VINA_XS: atom[7] ad=1 xs=C_H het=0 bonds=[4(ad1) 6(ad1) ]
VINA_XS: atom[8] ad=0 xs=C_P het=1 bonds=[1(ad10) 9(ad0) 10(ad0) 11(ad0) ]
VINA_XS: atom[9] ad=0 xs=C_P het=1 bonds=[8(ad0) 12(ad10) 13(ad10) ]
VINA_XS: atom[10] ad=0 xs=C_H het=0 bonds=[8(ad0) ]
VINA_XS: atom[11] ad=0 xs=C_H het=0 bonds=[8(ad0) ]
VINA_XS: atom[12] ad=10 xs=O_DA het=0 bonds=[9(ad0) 14(ad12) ]
VINA_XS: atom[13] ad=10 xs=O_A het=0 bonds=[9(ad0) ]
VINA_XS: atom[15] ad=0 xs=C_P het=1 bonds=[5(ad0) 16(ad10) 17(ad2) ]
VINA_XS: atom[16] ad=10 xs=O_A het=0 bonds=[15(ad0) ]
VINA_XS: atom[17] ad=2 xs=N_D het=0 bonds=[15(ad0) 18(ad1) 19(ad12) ]
VINA_XS: atom[18] ad=1 xs=C_P het=1 bonds=[17(ad2) 20(ad1) 23(ad1) ]
VINA_XS: atom[20] ad=1 xs=C_H het=0 bonds=[18(ad1) 21(ad1) ]
VINA_XS: atom[21] ad=1 xs=C_H het=0 bonds=[20(ad1) 22(ad1) 25(ad0) ]
VINA_XS: atom[22] ad=1 xs=C_H het=0 bonds=[21(ad1) 24(ad1) ]
VINA_XS: atom[23] ad=1 xs=C_H het=0 bonds=[18(ad1) 24(ad1) ]
VINA_XS: atom[24] ad=1 xs=C_H het=0 bonds=[22(ad1) 23(ad1) 26(ad0) ]
VINA_XS: atom[25] ad=0 xs=C_H het=0 bonds=[21(ad1) ]
VINA_XS: atom[26] ad=0 xs=C_H het=0 bonds=[24(ad1) ]
AutoDock Vina 6f1294b-mod
#################################################################
# If you used AutoDock Vina in your work, please cite:          #
#                                                               #
# J. Eberhardt, D. Santos-Martins, A. F. Tillack, and S. Forli  #
# AutoDock Vina 1.2.0: New Docking Methods, Expanded Force      #
# Field, and Python Bindings, J. Chem. Inf. Model. (2021)       #
# DOI 10.1021/acs.jcim.1c00203                                  #
#                                                               #
# O. Trott, A. J. Olson,                                        #
# AutoDock Vina: improving the speed and accuracy of docking    #
# with a new scoring function, efficient optimization and       #
# multithreading, J. Comp. Chem. (2010)                         #
# DOI 10.1002/jcc.21334                                         #
#                                                               #
# Please see https://github.com/ccsb-scripps/AutoDock-Vina for  #
# more information.                                             #
#################################################################

Scoring function : vina
Rigid receptor: 1G9V_RQ3_protein.pdbqt
Ligand: 1G9V_RQ3_ligand_clean.pdbqt
Grid center: ligand center (autobox)
Grid size  : ligand size + 4 A in each dimension (autobox)
Grid space : 0.375
Exhaustiveness: 8
CPU: 0
Verbosity: 1

Autobox computed grid center: X 16.688 Y 16.5415 Z 41.621
Autobox computed ligand size: X 4.77 Y 13.331 Z 6.804
Autobox final grid size: X 12.77 Y 21.331 Z 14.804 (autobox_add 4)
Computing Vina grid ... done.
WARNING: At low exhaustiveness, it may be impossible to utilize all CPUs.
Performing docking (random seed: 42) ... 
0%   10   20   30   40   50   60   70   80   90   100%
|----|----|----|----|----|----|----|----|----|----|
***************************************************
INTRA_DEBUG: ligand 0 num_pairs=193 v[0]=1000
INTRA_PAIR: 0 12 xs=1,9 r=4.60568 raw=-0.00253336 curled=-0.00253336
INTRA_PAIR: 0 13 xs=1,8 r=3.48045 raw=-0.0219007 curled=-0.0219007
INTRA_PAIR: 0 15 xs=1,1 r=5.05115 raw=-0.00246829 curled=-0.00246829
INTRA_PAIR: 0 16 xs=1,8 r=5.85596 raw=-0.00449025 curled=-0.00449025
INTRA_PAIR: 0 17 xs=1,3 r=5.45586 raw=-0.00350149 curled=-0.00350149
INTRA_PAIR: 0 18 xs=1,1 r=6.51715 raw=-0.00505451 curled=-0.00505451
INTRA_PAIR: 0 20 xs=1,0 r=6.61052 raw=-0.00511008 curled=-0.00511008
INTRA_PAIR: 0 21 xs=1,0 r=7.92392 raw=-0.00375867 curled=-0.00375867
INTRA_PAIR: 0 23 xs=1,0 r=7.77069 raw=-0.00407301 curled=-0.00407301
INTRA_PAIR: 1 15 xs=8,1 r=6.50844 raw=-0.0051452 curled=-0.0051452
INTRA_PAIR: 1 16 xs=8,8 r=7.28984 raw=-0.00423017 curled=-0.00423017
INTRA_PAIR: 1 17 xs=8,3 r=6.84609 raw=-0.0050045 curled=-0.0050045
INTRA_PAIR: 1 18 xs=8,1 r=7.83052 raw=-0.00352959 curled=-0.00352959
INTRA_PAIR: 1 20 xs=8,0 r=7.80535 raw=-0.00358589 curled=-0.00358589
INTRA_PAIR: 2 9 xs=0,1 r=3.71718 raw=-0.0295598 curled=-0.0295598
INTRA_PAIR: 2 10 xs=0,0 r=3.45107 raw=0.0439404 curled=0.0439384
INTRA_PAIR: 2 11 xs=0,0 r=4.79318 raw=-0.0203062 curled=-0.0203062
INTRA_PAIR: 2 12 xs=0,9 r=4.79031 raw=-0.00239729 curled=-0.00239729
INTRA_PAIR: 2 13 xs=0,8 r=3.40388 raw=0.00187806 curled=0.00187806
INTRA_PAIR: 2 15 xs=0,1 r=4.79501 raw=-0.00256835 curled=-0.00256835
INTRA_PAIR: 2 16 xs=0,8 r=5.7549 raw=-0.0043114 curled=-0.0043114
INTRA_PAIR: 2 17 xs=0,3 r=5.13201 raw=-0.00279637 curled=-0.00279637
INTRA_PAIR: 2 18 xs=0,1 r=6.33676 raw=-0.00488544 curled=-0.00488544
INTRA_PAIR: 2 20 xs=0,0 r=6.71957 raw=-0.00514748 curled=-0.00514748
INTRA_PAIR: 2 23 xs=0,0 r=7.45098 raw=-0.00463784 curled=-0.00463784
INTRA_PAIR: 3 8 xs=0,1 r=4.65947 raw=-0.00350238 curled=-0.00350238
INTRA_PAIR: 3 9 xs=0,1 r=5.0423 raw=-0.00245541 curled=-0.00245541
INTRA_PAIR: 3 10 xs=0,0 r=4.46873 raw=-0.0363163 curled=-0.0363163
INTRA_PAIR: 3 11 xs=0,0 r=6.05237 raw=-0.00448489 curled=-0.00448489
INTRA_PAIR: 3 12 xs=0,9 r=6.04534 raw=-0.00477439 curled=-0.00477439
INTRA_PAIR: 3 13 xs=0,8 r=4.71169 raw=-0.00236794 curled=-0.00236794
INTRA_PAIR: 3 16 xs=0,8 r=4.66538 raw=-0.00240253 curled=-0.00240253
INTRA_PAIR: 3 17 xs=0,3 r=4.06576 raw=-0.0218534 curled=-0.0218534
INTRA_PAIR: 3 18 xs=0,1 r=5.37167 raw=-0.0030988 curled=-0.0030988
INTRA_PAIR: 3 20 xs=0,0 r=5.95826 raw=-0.00432127 curled=-0.00432127
INTRA_PAIR: 3 21 xs=0,0 r=7.34309 raw=-0.00478941 curled=-0.00478941
INTRA_PAIR: 3 23 xs=0,0 r=6.38558 raw=-0.0049385 curled=-0.0049385
INTRA_PAIR: 3 24 xs=0,0 r=7.67872 raw=-0.00425204 curled=-0.00425204
INTRA_PAIR: 4 8 xs=0,1 r=5.26203 raw=-0.00286402 curled=-0.00286402
INTRA_PAIR: 4 9 xs=0,1 r=5.95366 raw=-0.00431173 curled=-0.00431173
INTRA_PAIR: 4 10 xs=0,0 r=4.93536 raw=-0.0151488 curled=-0.0151488
INTRA_PAIR: 4 11 xs=0,0 r=6.4817 raw=-0.00502724 curled=-0.00502724
INTRA_PAIR: 4 12 xs=0,9 r=6.97091 raw=-0.0049827 curled=-0.0049827
INTRA_PAIR: 4 13 xs=0,8 r=5.78421 raw=-0.00436511 curled=-0.00436511
INTRA_PAIR: 4 18 xs=0,1 r=4.43882 raw=-0.00823409 curled=-0.00823409
INTRA_PAIR: 4 20 xs=0,0 r=4.92832 raw=-0.0153703 curled=-0.0153703
INTRA_PAIR: 4 21 xs=0,0 r=6.30221 raw=-0.00484487 curled=-0.00484487
INTRA_PAIR: 4 22 xs=0,0 r=7.10664 raw=-0.0050356 curled=-0.0050356
INTRA_PAIR: 4 23 xs=0,0 r=5.53713 raw=-0.00346321 curled=-0.00346321
INTRA_PAIR: 4 24 xs=0,0 r=6.77411 raw=-0.00515514 curled=-0.00515514
INTRA_PAIR: 4 25 xs=0,0 r=7.14791 raw=-0.00500319 curled=-0.00500319
INTRA_PAIR: 4 26 xs=0,0 r=7.99528 raw=-0.00360775 curled=-0.00360775
INTRA_PAIR: 5 8 xs=0,1 r=6.66663 raw=-0.00513336 curled=-0.00513336
INTRA_PAIR: 5 9 xs=0,1 r=7.31096 raw=-0.00482996 curled=-0.00482996
INTRA_PAIR: 5 10 xs=0,0 r=6.23069 raw=-0.00475541 curled=-0.00475541
INTRA_PAIR: 5 11 xs=0,0 r=7.89183 raw=-0.00382925 curled=-0.00382925
INTRA_PAIR: 5 13 xs=0,8 r=7.09607 raw=-0.00484792 curled=-0.00484792
INTRA_PAIR: 5 20 xs=0,0 r=4.53664 raw=-0.0322819 curled=-0.0322819
INTRA_PAIR: 5 21 xs=0,0 r=5.84781 raw=-0.00411134 curled=-0.00411134
INTRA_PAIR: 5 22 xs=0,0 r=6.43429 raw=-0.00498578 curled=-0.00498578
INTRA_PAIR: 5 23 xs=0,0 r=4.6466 raw=-0.0266199 curled=-0.0266199
INTRA_PAIR: 5 24 xs=0,0 r=5.91848 raw=-0.00424361 curled=-0.00424361
INTRA_PAIR: 5 25 xs=0,0 r=6.89015 raw=-0.00514536 curled=-0.00514536
INTRA_PAIR: 5 26 xs=0,0 r=7.0152 raw=-0.00509703 curled=-0.00509703
INTRA_PAIR: 6 9 xs=0,1 r=4.70888 raw=-0.00303615 curled=-0.00303615
INTRA_PAIR: 6 10 xs=0,0 r=3.53352 raw=-0.00243723 curled=-0.00243723
INTRA_PAIR: 6 11 xs=0,0 r=4.45036 raw=-0.037713 curled=-0.037713
INTRA_PAIR: 6 12 xs=0,9 r=5.77538 raw=-0.00435061 curled=-0.00435061
INTRA_PAIR: 6 13 xs=0,8 r=4.84557 raw=-0.00246096 curled=-0.00246096
INTRA_PAIR: 6 15 xs=0,1 r=4.26794 raw=-0.0159343 curled=-0.0159343
INTRA_PAIR: 6 16 xs=0,8 r=4.88089 raw=-0.00251394 curled=-0.00251394
INTRA_PAIR: 6 17 xs=0,3 r=4.81094 raw=-0.00236836 curled=-0.00236836
INTRA_PAIR: 6 18 xs=0,1 r=5.76241 raw=-0.00393895 curled=-0.00393895
INTRA_PAIR: 6 20 xs=0,0 r=5.68525 raw=-0.00378028 curled=-0.00378028
INTRA_PAIR: 6 21 xs=0,0 r=6.9554 raw=-0.00512459 curled=-0.00512459
INTRA_PAIR: 6 23 xs=0,0 r=7.08202 raw=-0.00505521 curled=-0.00505521
INTRA_PAIR: 6 25 xs=0,0 r=7.34439 raw=-0.00478664 curled=-0.00478664
INTRA_PAIR: 7 8 xs=0,1 r=4.83135 raw=-0.0024651 curled=-0.0024651
INTRA_PAIR: 7 9 xs=0,1 r=5.82376 raw=-0.00406388 curled=-0.00406388
INTRA_PAIR: 7 10 xs=0,0 r=4.54625 raw=-0.0316952 curled=-0.0316952
INTRA_PAIR: 7 11 xs=0,0 r=5.80496 raw=-0.00402641 curled=-0.00402641
INTRA_PAIR: 7 12 xs=0,9 r=6.86366 raw=-0.00506719 curled=-0.00506719
INTRA_PAIR: 7 13 xs=0,8 r=5.84738 raw=-0.00447682 curled=-0.00447682
INTRA_PAIR: 7 16 xs=0,8 r=3.51226 raw=-0.0283084 curled=-0.0283084
INTRA_PAIR: 7 17 xs=0,3 r=3.63233 raw=-0.0317406 curled=-0.0317406
INTRA_PAIR: 7 18 xs=0,1 r=4.66465 raw=-0.00342997 curled=-0.00342997
INTRA_PAIR: 7 20 xs=0,0 r=4.75231 raw=-0.0219871 curled=-0.0219871
INTRA_PAIR: 7 21 xs=0,0 r=6.06702 raw=-0.00450635 curled=-0.00450635
INTRA_PAIR: 7 22 xs=0,0 r=7.07965 raw=-0.00505677 curled=-0.00505677
INTRA_PAIR: 7 23 xs=0,0 r=5.93314 raw=-0.00427308 curled=-0.00427308
INTRA_PAIR: 7 24 xs=0,0 r=7.0168 raw=-0.00509581 curled=-0.00509581
INTRA_PAIR: 7 25 xs=0,0 r=6.6472 raw=-0.00512559 curled=-0.00512559
INTRA_PAIR: 8 15 xs=1,1 r=7.33517 raw=-0.00480041 curled=-0.00480041
INTRA_PAIR: 8 17 xs=1,3 r=7.44068 raw=-0.00449568 curled=-0.00449568
INTRA_PAIR: 10 15 xs=0,1 r=6.65889 raw=-0.00513005 curled=-0.00513005
INTRA_PAIR: 10 16 xs=0,8 r=7.58664 raw=-0.00404357 curled=-0.00404357
INTRA_PAIR: 10 17 xs=0,3 r=6.52796 raw=-0.00511782 curled=-0.00511782
INTRA_PAIR: 10 18 xs=0,1 r=7.23527 raw=-0.00491672 curled=-0.00491672
INTRA_PAIR: 10 20 xs=0,0 r=7.09369 raw=-0.00504561 curled=-0.00504561
INTRA_PAIR: 15 21 xs=1,0 r=4.37406 raw=-0.0106662 curled=-0.0106662
INTRA_PAIR: 15 22 xs=1,0 r=4.94879 raw=-0.00237012 curled=-0.00237012
INTRA_PAIR: 15 24 xs=1,0 r=4.53178 raw=-0.00557777 curled=-0.00557777
INTRA_PAIR: 15 25 xs=1,0 r=5.46051 raw=-0.00329513 curled=-0.00329513
INTRA_PAIR: 15 26 xs=1,0 r=5.72248 raw=-0.0038548 curled=-0.0038548
INTRA_PAIR: 16 20 xs=8,0 r=3.25666 raw=0.0761904 curled=0.0761846
INTRA_PAIR: 16 21 xs=8,0 r=4.27579 raw=-0.00701238 curled=-0.00701238
INTRA_PAIR: 16 22 xs=8,0 r=4.81023 raw=-0.0024167 curled=-0.0024167
INTRA_PAIR: 16 23 xs=8,0 r=3.57955 raw=-0.0357717 curled=-0.0357717
INTRA_PAIR: 16 24 xs=8,0 r=4.51404 raw=-0.00298443 curled=-0.00298443
INTRA_PAIR: 16 25 xs=8,0 r=5.2645 raw=-0.00329923 curled=-0.00329923
INTRA_PAIR: 16 26 xs=8,0 r=5.66363 raw=-0.00414135 curled=-0.00414135
INTRA_DEBUG: ligand 0 num_pairs=193 v[0]=1000
INTRA_PAIR: 0 12 xs=1,9 r=4.67552 raw=-0.00239094 curled=-0.00239094
INTRA_PAIR: 0 13 xs=1,8 r=3.52411 raw=-0.0304623 curled=-0.0304623
INTRA_PAIR: 0 15 xs=1,1 r=5.05021 raw=-0.00246829 curled=-0.00246829
INTRA_PAIR: 0 16 xs=1,8 r=5.96487 raw=-0.0046612 curled=-0.0046612
INTRA_PAIR: 0 17 xs=1,3 r=5.30588 raw=-0.00317045 curled=-0.00317045
INTRA_PAIR: 0 18 xs=1,1 r=6.36755 raw=-0.00492059 curled=-0.00492059
INTRA_PAIR: 0 20 xs=1,0 r=7.61258 raw=-0.00437122 curled=-0.00437122
INTRA_PAIR: 0 23 xs=1,0 r=6.38714 raw=-0.004941 curled=-0.004941
INTRA_PAIR: 0 24 xs=1,0 r=7.60778 raw=-0.0043785 curled=-0.0043785
INTRA_PAIR: 1 15 xs=8,1 r=6.50869 raw=-0.0051452 curled=-0.0051452
INTRA_PAIR: 1 16 xs=8,8 r=7.40489 raw=-0.00400625 curled=-0.00400625
INTRA_PAIR: 1 17 xs=8,3 r=6.69291 raw=-0.00510818 curled=-0.00510818
INTRA_PAIR: 1 18 xs=8,1 r=7.67137 raw=-0.00386852 curled=-0.00386852
INTRA_PAIR: 1 23 xs=8,0 r=7.55041 raw=-0.00411288 curled=-0.00411288
INTRA_PAIR: 2 9 xs=0,1 r=3.84057 raw=-0.0359433 curled=-0.0359433
INTRA_PAIR: 2 10 xs=0,0 r=3.48437 raw=0.0244451 curled=0.0244445
INTRA_PAIR: 2 11 xs=0,0 r=4.81321 raw=-0.0195599 curled=-0.0195599
INTRA_PAIR: 2 12 xs=0,9 r=4.97082 raw=-0.00267362 curled=-0.00267362
INTRA_PAIR: 2 13 xs=0,8 r=3.49218 raw=-0.0248852 curled=-0.0248852
INTRA_PAIR: 2 15 xs=0,1 r=4.86522 raw=-0.00240252 curled=-0.00240252
INTRA_PAIR: 2 16 xs=0,8 r=5.83294 raw=-0.00444961 curled=-0.00444961
INTRA_PAIR: 2 17 xs=0,3 r=5.21497 raw=-0.00297596 curled=-0.00297596
INTRA_PAIR: 2 18 xs=0,1 r=6.44972 raw=-0.00500096 curled=-0.00500096
INTRA_PAIR: 2 20 xs=0,0 r=7.56386 raw=-0.00445717 curled=-0.00445717
INTRA_PAIR: 2 23 xs=0,0 r=6.76058 raw=-0.00515398 curled=-0.00515398
INTRA_PAIR: 3 8 xs=0,1 r=4.69679 raw=-0.00314396 curled=-0.00314396
INTRA_PAIR: 3 9 xs=0,1 r=5.16629 raw=-0.00266833 curled=-0.00266833
INTRA_PAIR: 3 10 xs=0,0 r=4.48845 raw=-0.0351988 curled=-0.0351988
INTRA_PAIR: 3 11 xs=0,0 r=6.05064 raw=-0.00448056 curled=-0.00448056
INTRA_PAIR: 3 12 xs=0,9 r=6.24093 raw=-0.00499274 curled=-0.00499274
INTRA_PAIR: 3 13 xs=0,8 r=4.80609 raw=-0.00241321 curled=-0.00241321
INTRA_PAIR: 3 16 xs=0,8 r=4.71808 raw=-0.00236667 curled=-0.00236667
INTRA_PAIR: 3 17 xs=0,3 r=4.2306 raw=-0.0127018 curled=-0.0127018
INTRA_PAIR: 3 18 xs=0,1 r=5.55933 raw=-0.00350616 curled=-0.00350616
INTRA_PAIR: 3 20 xs=0,0 r=6.58445 raw=-0.00509664 curled=-0.00509664
INTRA_PAIR: 3 21 xs=0,0 r=7.85554 raw=-0.00390335 curled=-0.00390335
INTRA_PAIR: 3 23 xs=0,0 r=6.08919 raw=-0.00454417 curled=-0.00454417
INTRA_PAIR: 3 24 xs=0,0 r=7.42998 raw=-0.00466913 curled=-0.00466913
INTRA_PAIR: 4 8 xs=0,1 r=5.26533 raw=-0.00287031 curled=-0.00287031
INTRA_PAIR: 4 9 xs=0,1 r=6.03803 raw=-0.00445873 curled=-0.00445873
INTRA_PAIR: 4 10 xs=0,0 r=4.91704 raw=-0.0158163 curled=-0.0158163
INTRA_PAIR: 4 11 xs=0,0 r=6.42897 raw=-0.00498132 curled=-0.00498132
INTRA_PAIR: 4 12 xs=0,9 r=7.10945 raw=-0.00483185 curled=-0.00483185
INTRA_PAIR: 4 13 xs=0,8 r=5.86086 raw=-0.00449913 curled=-0.00449913
INTRA_PAIR: 4 18 xs=0,1 r=4.36268 raw=-0.0111258 curled=-0.0111258
INTRA_PAIR: 4 20 xs=0,0 r=5.48198 raw=-0.00333904 curled=-0.00333904
INTRA_PAIR: 4 21 xs=0,0 r=6.73007 raw=-0.00514974 curled=-0.00514974
INTRA_PAIR: 4 22 xs=0,0 r=7.03672 raw=-0.00508426 curled=-0.00508426
INTRA_PAIR: 4 23 xs=0,0 r=4.84588 raw=-0.0183511 curled=-0.0183511
INTRA_PAIR: 4 24 xs=0,0 r=6.20749 raw=-0.00472433 curled=-0.00472433
INTRA_PAIR: 4 25 xs=0,0 r=7.96882 raw=-0.00366244 curled=-0.00366244
INTRA_PAIR: 4 26 xs=0,0 r=7.03331 raw=-0.00508691 curled=-0.00508691
INTRA_PAIR: 5 8 xs=0,1 r=6.67106 raw=-0.00513492 curled=-0.00513492
INTRA_PAIR: 5 9 xs=0,1 r=7.40413 raw=-0.0047057 curled=-0.0047057
INTRA_PAIR: 5 10 xs=0,0 r=6.21229 raw=-0.00472784 curled=-0.00472784
INTRA_PAIR: 5 11 xs=0,0 r=7.83522 raw=-0.00394419 curled=-0.00394419
INTRA_PAIR: 5 13 xs=0,8 r=7.18041 raw=-0.00474064 curled=-0.00474064
INTRA_PAIR: 5 20 xs=0,0 r=4.68683 raw=-0.0247852 curled=-0.0247852
INTRA_PAIR: 5 21 xs=0,0 r=6.0189 raw=-0.00442763 curled=-0.00442763
INTRA_PAIR: 5 22 xs=0,0 r=6.53462 raw=-0.00506611 curled=-0.00506611
INTRA_PAIR: 5 23 xs=0,0 r=4.56745 raw=-0.0305593 curled=-0.0305593
INTRA_PAIR: 5 24 xs=0,0 r=5.91104 raw=-0.0042337 curled=-0.0042337
INTRA_PAIR: 5 25 xs=0,0 r=7.13844 raw=-0.0050107 curled=-0.0050107
INTRA_PAIR: 5 26 xs=0,0 r=6.94955 raw=-0.00512723 curled=-0.00512723
INTRA_PAIR: 6 9 xs=0,1 r=4.71666 raw=-0.00298635 curled=-0.00298635
INTRA_PAIR: 6 10 xs=0,0 r=3.47099 raw=0.0325713 curled=0.0325703
INTRA_PAIR: 6 11 xs=0,0 r=4.34506 raw=-0.0453704 curled=-0.0453704
INTRA_PAIR: 6 12 xs=0,9 r=5.79126 raw=-0.00437949 curled=-0.00437949
INTRA_PAIR: 6 13 xs=0,8 r=4.87612 raw=-0.00250377 curled=-0.00250377
INTRA_PAIR: 6 15 xs=0,1 r=4.18527 raw=-0.0205884 curled=-0.0205884
INTRA_PAIR: 6 16 xs=0,8 r=5.00779 raw=-0.00274854 curled=-0.00274854
INTRA_PAIR: 6 17 xs=0,3 r=4.42334 raw=-0.00576662 curled=-0.00576662
INTRA_PAIR: 6 18 xs=0,1 r=5.33936 raw=-0.00302876 curled=-0.00302876
INTRA_PAIR: 6 20 xs=0,0 r=6.6691 raw=-0.00513415 curled=-0.00513415
INTRA_PAIR: 6 21 xs=0,0 r=7.65556 raw=-0.00429356 curled=-0.00429356
INTRA_PAIR: 6 22 xs=0,0 r=7.53762 raw=-0.00449892 curled=-0.00449892
INTRA_PAIR: 6 23 xs=0,0 r=5.19547 raw=-0.00641653 curled=-0.00641653
INTRA_PAIR: 6 24 xs=0,0 r=6.39919 raw=-0.0049533 curled=-0.0049533
INTRA_PAIR: 6 26 xs=0,0 r=6.73829 raw=-0.00515093 curled=-0.00515093
INTRA_PAIR: 7 8 xs=0,1 r=4.80014 raw=-0.00254612 curled=-0.00254612
INTRA_PAIR: 7 9 xs=0,1 r=5.85945 raw=-0.00413216 curled=-0.00413216
INTRA_PAIR: 7 10 xs=0,0 r=4.49213 raw=-0.0349802 curled=-0.0349802
INTRA_PAIR: 7 11 xs=0,0 r=5.70622 raw=-0.00382058 curled=-0.00382058
INTRA_PAIR: 7 12 xs=0,9 r=6.92489 raw=-0.00502178 curled=-0.00502178
INTRA_PAIR: 7 13 xs=0,8 r=5.89788 raw=-0.00455976 curled=-0.00455976
INTRA_PAIR: 7 16 xs=0,8 r=3.62936 raw=-0.0360241 curled=-0.0360241
INTRA_PAIR: 7 17 xs=0,3 r=3.18711 raw=0.206348 curled=0.206305
INTRA_PAIR: 7 18 xs=0,1 r=4.20889 raw=-0.0192718 curled=-0.0192718
INTRA_PAIR: 7 20 xs=0,0 r=5.51955 raw=-0.00341998 curled=-0.00341998
INTRA_PAIR: 7 21 xs=0,0 r=6.60133 raw=-0.00510539 curled=-0.00510539
INTRA_PAIR: 7 22 xs=0,0 r=6.63035 raw=-0.00511876 curled=-0.00511876
INTRA_PAIR: 7 23 xs=0,0 r=4.2814 raw=-0.0502192 curled=-0.0502192
INTRA_PAIR: 7 24 xs=0,0 r=5.59272 raw=-0.00357909 curled=-0.00357909
INTRA_PAIR: 7 25 xs=0,0 r=7.97579 raw=-0.00364984 curled=-0.00364984
INTRA_PAIR: 7 26 xs=0,0 r=6.1703 raw=-0.00467006 curled=-0.00467006
INTRA_PAIR: 8 15 xs=1,1 r=7.39983 raw=-0.00471169 curled=-0.00471169
INTRA_PAIR: 8 17 xs=1,3 r=7.35501 raw=-0.00463023 curled=-0.00463023
INTRA_PAIR: 10 15 xs=0,1 r=6.79131 raw=-0.00515588 curled=-0.00515588
INTRA_PAIR: 10 16 xs=0,8 r=7.88158 raw=-0.00342107 curled=-0.00342107
INTRA_PAIR: 10 17 xs=0,3 r=6.50202 raw=-0.00510531 curled=-0.00510531
INTRA_PAIR: 10 18 xs=0,1 r=7.29675 raw=-0.00484821 curled=-0.00484821
INTRA_PAIR: 10 23 xs=0,0 r=7.163 raw=-0.00498965 curled=-0.00498965
INTRA_PAIR: 15 21 xs=1,0 r=4.66497 raw=-0.00342997 curled=-0.00342997
INTRA_PAIR: 15 22 xs=1,0 r=5.11844 raw=-0.00257758 curled=-0.00257758
INTRA_PAIR: 15 24 xs=1,0 r=4.5229 raw=-0.00581897 curled=-0.00581897
INTRA_PAIR: 15 25 xs=1,0 r=5.85799 raw=-0.00413216 curled=-0.00413216
INTRA_PAIR: 15 26 xs=1,0 r=5.62289 raw=-0.00364511 curled=-0.00364511
INTRA_PAIR: 16 20 xs=8,0 r=3.61082 raw=-0.036111 curled=-0.036111
INTRA_PAIR: 16 21 xs=8,0 r=4.74619 raw=-0.00236911 curled=-0.00236911
INTRA_PAIR: 16 22 xs=8,0 r=5.17498 raw=-0.00310199 curled=-0.00310199
INTRA_PAIR: 16 23 xs=8,0 r=3.49253 raw=-0.0248852 curled=-0.0248852
INTRA_PAIR: 16 24 xs=8,0 r=4.64335 raw=-0.00244 curled=-0.00244
INTRA_PAIR: 16 25 xs=8,0 r=5.87291 raw=-0.00451673 curled=-0.00451673
INTRA_PAIR: 16 26 xs=8,0 r=5.70073 raw=-0.0042099 curled=-0.0042099
INTRA_DEBUG: ligand 0 num_pairs=193 v[0]=1000
INTRA_PAIR: 0 12 xs=1,9 r=4.21945 raw=-0.00894705 curled=-0.00894705
INTRA_PAIR: 0 13 xs=1,8 r=4.6027 raw=-0.00254424 curled=-0.00254424
INTRA_PAIR: 0 15 xs=1,1 r=5.05004 raw=-0.00246829 curled=-0.00246829
INTRA_PAIR: 0 16 xs=1,8 r=5.83163 raw=-0.00444961 curled=-0.00444961
INTRA_PAIR: 0 17 xs=1,3 r=5.4839 raw=-0.00356349 curled=-0.00356349
INTRA_PAIR: 0 18 xs=1,1 r=6.5446 raw=-0.00507242 curled=-0.00507242
INTRA_PAIR: 0 20 xs=1,0 r=6.5766 raw=-0.00509267 curled=-0.00509267
INTRA_PAIR: 0 21 xs=1,0 r=7.87104 raw=-0.0038705 curled=-0.0038705
INTRA_PAIR: 0 23 xs=1,0 r=7.82017 raw=-0.00397667 curled=-0.00397667
INTRA_PAIR: 1 15 xs=8,1 r=6.50425 raw=-0.00514403 curled=-0.00514403
INTRA_PAIR: 1 16 xs=8,8 r=7.26321 raw=-0.00427823 curled=-0.00427823
INTRA_PAIR: 1 17 xs=8,3 r=6.86813 raw=-0.0049842 curled=-0.0049842
INTRA_PAIR: 1 18 xs=8,1 r=7.85132 raw=-0.00348621 curled=-0.00348621
INTRA_PAIR: 1 20 xs=8,0 r=7.74293 raw=-0.00371948 curled=-0.00371948
INTRA_PAIR: 2 9 xs=0,1 r=4.73293 raw=-0.00287308 curled=-0.00287308
INTRA_PAIR: 2 10 xs=0,0 r=3.68446 raw=-0.0581203 curled=-0.0581203
INTRA_PAIR: 2 11 xs=0,0 r=3.61984 raw=-0.039745 curled=-0.039745
INTRA_PAIR: 2 12 xs=0,9 r=5.18493 raw=-0.00312842 curled=-0.00312842
INTRA_PAIR: 2 13 xs=0,8 r=5.6295 raw=-0.00407636 curled=-0.00407636
INTRA_PAIR: 2 15 xs=0,1 r=4.69932 raw=-0.00311595 curled=-0.00311595
INTRA_PAIR: 2 16 xs=0,8 r=5.68086 raw=-0.00417324 curled=-0.00417324
INTRA_PAIR: 2 17 xs=0,3 r=4.96758 raw=-0.00249153 curled=-0.00249153
INTRA_PAIR: 2 18 xs=0,1 r=6.13291 raw=-0.00461274 curled=-0.00461274
INTRA_PAIR: 2 20 xs=0,0 r=6.39742 raw=-0.00495087 curled=-0.00495087
INTRA_PAIR: 2 21 xs=0,0 r=7.75349 raw=-0.00410866 curled=-0.00410866
INTRA_PAIR: 2 23 xs=0,0 r=7.31944 raw=-0.00481934 curled=-0.00481934
INTRA_PAIR: 3 8 xs=0,1 r=4.6612 raw=-0.00346575 curled=-0.00346575
INTRA_PAIR: 3 9 xs=0,1 r=6.01296 raw=-0.00441412 curled=-0.00441412
INTRA_PAIR: 3 10 xs=0,0 r=5.00284 raw=-0.0128733 curled=-0.0128733
INTRA_PAIR: 3 11 xs=0,0 r=4.63616 raw=-0.0271001 curled=-0.0271001
INTRA_PAIR: 3 12 xs=0,9 r=6.50158 raw=-0.00514343 curled=-0.00514343
INTRA_PAIR: 3 13 xs=0,8 r=6.82293 raw=-0.00509256 curled=-0.00509256
INTRA_PAIR: 3 16 xs=0,8 r=4.58377 raw=-0.0026054 curled=-0.0026054
INTRA_PAIR: 3 17 xs=0,3 r=3.84579 raw=-0.0333186 curled=-0.0333186
INTRA_PAIR: 3 18 xs=0,1 r=5.12096 raw=-0.00258304 curled=-0.00258304
INTRA_PAIR: 3 20 xs=0,0 r=5.62247 raw=-0.00364511 curled=-0.00364511
INTRA_PAIR: 3 21 xs=0,0 r=7.00701 raw=-0.00510063 curled=-0.00510063
INTRA_PAIR: 3 22 xs=0,0 r=7.81907 raw=-0.00397667 curled=-0.00397667
INTRA_PAIR: 3 23 xs=0,0 r=6.20046 raw=-0.00471372 curled=-0.00471372
INTRA_PAIR: 3 24 xs=0,0 r=7.4638 raw=-0.00461872 curled=-0.00461872
INTRA_PAIR: 3 25 xs=0,0 r=7.83117 raw=-0.00395232 curled=-0.00395232
INTRA_PAIR: 4 8 xs=0,1 r=5.26218 raw=-0.00286402 curled=-0.00286402
INTRA_PAIR: 4 9 xs=0,1 r=6.47263 raw=-0.00501941 curled=-0.00501941
INTRA_PAIR: 4 10 xs=0,0 r=5.92153 raw=-0.00425348 curled=-0.00425348
INTRA_PAIR: 4 11 xs=0,0 r=5.071 raw=-0.0105677 curled=-0.0105677
INTRA_PAIR: 4 12 xs=0,9 r=6.99003 raw=-0.00496367 curled=-0.00496367
INTRA_PAIR: 4 13 xs=0,8 r=7.15566 raw=-0.00477301 curled=-0.00477301
INTRA_PAIR: 4 18 xs=0,1 r=4.45551 raw=-0.00765585 curled=-0.00765585
INTRA_PAIR: 4 20 xs=0,0 r=4.94759 raw=-0.0147085 curled=-0.0147085
INTRA_PAIR: 4 21 xs=0,0 r=6.30552 raw=-0.00485084 curled=-0.00485084
INTRA_PAIR: 4 22 xs=0,0 r=7.09619 raw=-0.00504397 curled=-0.00504397
INTRA_PAIR: 4 23 xs=0,0 r=5.53371 raw=-0.00345089 curled=-0.00345089
INTRA_PAIR: 4 24 xs=0,0 r=6.76041 raw=-0.00515398 curled=-0.00515398
INTRA_PAIR: 4 25 xs=0,0 r=7.15429 raw=-0.00499745 curled=-0.00499745
INTRA_PAIR: 4 26 xs=0,0 r=7.97143 raw=-0.00365824 curled=-0.00365824
INTRA_PAIR: 5 8 xs=0,1 r=6.66684 raw=-0.00513336 curled=-0.00513336
INTRA_PAIR: 5 9 xs=0,1 r=7.88993 raw=-0.00382925 curled=-0.00382925
INTRA_PAIR: 5 10 xs=0,0 r=7.27379 raw=-0.00487352 curled=-0.00487352
INTRA_PAIR: 5 11 xs=0,0 r=6.36652 raw=-0.00492059 curled=-0.00492059
INTRA_PAIR: 5 20 xs=0,0 r=4.58895 raw=-0.0294711 curled=-0.0294711
INTRA_PAIR: 5 21 xs=0,0 r=5.88594 raw=-0.00418348 curled=-0.00418348
INTRA_PAIR: 5 22 xs=0,0 r=6.42995 raw=-0.00498356 curled=-0.00498356
INTRA_PAIR: 5 23 xs=0,0 r=4.59267 raw=-0.0292942 curled=-0.0292942
INTRA_PAIR: 5 24 xs=0,0 r=5.87374 raw=-0.00416308 curled=-0.00416308
INTRA_PAIR: 5 25 xs=0,0 r=6.95911 raw=-0.00512368 curled=-0.00512368
INTRA_PAIR: 5 26 xs=0,0 r=6.93849 raw=-0.00513139 curled=-0.00513139
INTRA_PAIR: 6 9 xs=0,1 r=4.45619 raw=-0.00765585 curled=-0.00765585
INTRA_PAIR: 6 10 xs=0,0 r=4.70318 raw=-0.0240578 curled=-0.0240578
INTRA_PAIR: 6 11 xs=0,0 r=3.60533 raw=-0.0334647 curled=-0.0334647
INTRA_PAIR: 6 12 xs=0,9 r=4.93881 raw=-0.00261357 curled=-0.00261357
INTRA_PAIR: 6 13 xs=0,8 r=5.07889 raw=-0.00289735 curled=-0.00289735
INTRA_PAIR: 6 15 xs=0,1 r=4.37227 raw=-0.0108177 curled=-0.0108177
INTRA_PAIR: 6 16 xs=0,8 r=4.91906 raw=-0.00257895 curled=-0.00257895
INTRA_PAIR: 6 17 xs=0,3 r=5.03482 raw=-0.00260825 curled=-0.00260825
INTRA_PAIR: 6 18 xs=0,1 r=6.03244 raw=-0.00444991 curled=-0.00444991
INTRA_PAIR: 6 20 xs=0,0 r=6.00158 raw=-0.00439594 curled=-0.00439594
INTRA_PAIR: 6 21 xs=0,0 r=7.24455 raw=-0.00490739 curled=-0.00490739
INTRA_PAIR: 6 23 xs=0,0 r=7.298 raw=-0.00484563 curled=-0.00484563
INTRA_PAIR: 6 25 xs=0,0 r=7.65584 raw=-0.00429356 curled=-0.00429356
INTRA_PAIR: 7 8 xs=0,1 r=4.82991 raw=-0.0024651 curled=-0.0024651
INTRA_PAIR: 7 9 xs=0,1 r=5.81772 raw=-0.00405322 curled=-0.00405322
INTRA_PAIR: 7 10 xs=0,0 r=5.80558 raw=-0.00402641 curled=-0.00402641
INTRA_PAIR: 7 11 xs=0,0 r=4.63912 raw=-0.026939 curled=-0.026939
INTRA_PAIR: 7 12 xs=0,9 r=6.32757 raw=-0.00506169 curled=-0.00506169
INTRA_PAIR: 7 13 xs=0,8 r=6.3974 raw=-0.00510316 curled=-0.00510316
INTRA_PAIR: 7 16 xs=0,8 r=3.57719 raw=-0.035592 curled=-0.035592
INTRA_PAIR: 7 17 xs=0,3 r=3.91084 raw=-0.0305063 curled=-0.0305063
INTRA_PAIR: 7 18 xs=0,1 r=4.98205 raw=-0.00239037 curled=-0.00239037
INTRA_PAIR: 7 20 xs=0,0 r=5.15537 raw=-0.00771609 curled=-0.00771609
INTRA_PAIR: 7 21 xs=0,0 r=6.42861 raw=-0.00498132 curled=-0.00498132
INTRA_PAIR: 7 22 xs=0,0 r=7.36466 raw=-0.00476132 curled=-0.00476132
INTRA_PAIR: 7 23 xs=0,0 r=6.1551 raw=-0.00464749 curled=-0.00464749
INTRA_PAIR: 7 24 xs=0,0 r=7.24132 raw=-0.00491207 curled=-0.00491207
INTRA_PAIR: 7 25 xs=0,0 r=7.05062 raw=-0.00507603 curled=-0.00507603
INTRA_PAIR: 8 15 xs=1,1 r=7.27138 raw=-0.00487847 curled=-0.00487847
INTRA_PAIR: 8 17 xs=1,3 r=7.42261 raw=-0.00452344 curled=-0.00452344
INTRA_PAIR: 8 20 xs=1,0 r=7.9523 raw=-0.00370018 curled=-0.00370018
INTRA_PAIR: 10 15 xs=0,1 r=7.98853 raw=-0.00362039 curled=-0.00362039
INTRA_PAIR: 10 17 xs=0,3 r=7.99436 raw=-0.00339 curled=-0.00339
INTRA_PAIR: 11 15 xs=0,1 r=6.6577 raw=-0.00513005 curled=-0.00513005
INTRA_PAIR: 11 16 xs=0,8 r=7.44201 raw=-0.00431766 curled=-0.00431766
INTRA_PAIR: 11 17 xs=0,3 r=6.63058 raw=-0.00514963 curled=-0.00514963
INTRA_PAIR: 11 18 xs=0,1 r=7.24963 raw=-0.00490266 curled=-0.00490266
INTRA_PAIR: 11 20 xs=0,0 r=6.78168 raw=-0.00515554 curled=-0.00515554
INTRA_PAIR: 11 21 xs=0,0 r=7.82718 raw=-0.00396045 curled=-0.00396045
INTRA_PAIR: 11 25 xs=0,0 r=7.79514 raw=-0.00402506 curled=-0.00402506
INTRA_PAIR: 15 21 xs=1,0 r=4.44074 raw=-0.00811513 curled=-0.00811513
INTRA_PAIR: 15 22 xs=1,0 r=4.94154 raw=-0.00236821 curled=-0.00236821
INTRA_PAIR: 15 24 xs=1,0 r=4.45492 raw=-0.00765585 curled=-0.00765585
INTRA_PAIR: 15 25 xs=1,0 r=5.57415 raw=-0.00354274 curled=-0.00354274
INTRA_PAIR: 15 26 xs=1,0 r=5.59863 raw=-0.00359718 curled=-0.00359718
INTRA_PAIR: 16 20 xs=8,0 r=3.45441 raw=-0.0148492 curled=-0.0148492
INTRA_PAIR: 16 21 xs=8,0 r=4.42241 raw=-0.0039711 curled=-0.0039711
INTRA_PAIR: 16 22 xs=8,0 r=4.80069 raw=-0.00240652 curled=-0.00240652
INTRA_PAIR: 16 23 xs=8,0 r=3.38509 raw=0.00919512 curled=0.00919503
INTRA_PAIR: 16 24 xs=8,0 r=4.35574 raw=-0.00505889 curled=-0.00505889
INTRA_PAIR: 16 25 xs=8,0 r=5.51371 raw=-0.00383683 curled=-0.00383683
INTRA_PAIR: 16 26 xs=8,0 r=5.40333 raw=-0.00360591 curled=-0.00360591
INTRA_DEBUG: ligand 0 num_pairs=193 v[0]=1000
INTRA_PAIR: 0 12 xs=1,9 r=4.30981 raw=-0.00612079 curled=-0.00612079
INTRA_PAIR: 0 13 xs=1,8 r=4.52937 raw=-0.00288895 curled=-0.00288895
INTRA_PAIR: 0 15 xs=1,1 r=5.02096 raw=-0.00242782 curled=-0.00242782
INTRA_PAIR: 0 16 xs=1,8 r=5.89271 raw=-0.00455127 curled=-0.00455127
INTRA_PAIR: 0 17 xs=1,3 r=5.3224 raw=-0.00320921 curled=-0.00320921
INTRA_PAIR: 0 18 xs=1,1 r=6.36959 raw=-0.00492319 curled=-0.00492319
INTRA_PAIR: 0 20 xs=1,0 r=7.64296 raw=-0.00431597 curled=-0.00431597
INTRA_PAIR: 0 23 xs=1,0 r=6.35315 raw=-0.00490466 curled=-0.00490466
INTRA_PAIR: 0 24 xs=1,0 r=7.57763 raw=-0.00443243 curled=-0.00443243
INTRA_PAIR: 0 26 xs=1,0 r=7.95242 raw=-0.00370018 curled=-0.00370018
INTRA_PAIR: 1 15 xs=8,1 r=6.44516 raw=-0.00512539 curled=-0.00512539
INTRA_PAIR: 1 16 xs=8,8 r=7.2866 raw=-0.0042342 curled=-0.0042342
INTRA_PAIR: 1 17 xs=8,3 r=6.66843 raw=-0.00512004 curled=-0.00512004
INTRA_PAIR: 1 18 xs=8,1 r=7.61243 raw=-0.00398993 curled=-0.00398993
INTRA_PAIR: 1 23 xs=8,0 r=7.42491 raw=-0.00434805 curled=-0.00434805
INTRA_PAIR: 2 9 xs=0,1 r=4.42875 raw=-0.00860102 curled=-0.00860102
INTRA_PAIR: 2 10 xs=0,0 r=4.72528 raw=-0.0230719 curled=-0.0230719
INTRA_PAIR: 2 11 xs=0,0 r=3.75144 raw=-0.0688946 curled=-0.0688946
INTRA_PAIR: 2 12 xs=0,9 r=4.6796 raw=-0.00238762 curled=-0.00238762
INTRA_PAIR: 2 13 xs=0,8 r=5.26796 raw=-0.00331226 curled=-0.00331226
INTRA_PAIR: 2 15 xs=0,1 r=4.21462 raw=-0.0188395 curled=-0.0188395
INTRA_PAIR: 2 16 xs=0,8 r=4.90919 raw=-0.00256212 curled=-0.00256212
INTRA_PAIR: 2 17 xs=0,3 r=4.653 raw=-0.00275514 curled=-0.00275514
INTRA_PAIR: 2 18 xs=0,1 r=5.59697 raw=-0.00359116 curled=-0.00359116
INTRA_PAIR: 2 20 xs=0,0 r=6.94393 raw=-0.00512976 curled=-0.00512976
INTRA_PAIR: 2 21 xs=0,0 r=7.96078 raw=-0.00368342 curled=-0.00368342
INTRA_PAIR: 2 22 xs=0,0 r=7.85417 raw=-0.00390335 curled=-0.00390335
INTRA_PAIR: 2 23 xs=0,0 r=5.47022 raw=-0.00331398 curled=-0.00331398
INTRA_PAIR: 2 24 xs=0,0 r=6.70037 raw=-0.00514314 curled=-0.00514314
INTRA_PAIR: 2 26 xs=0,0 r=7.0316 raw=-0.00508691 curled=-0.00508691
INTRA_PAIR: 3 8 xs=0,1 r=4.83204 raw=-0.00245787 curled=-0.00245787
INTRA_PAIR: 3 9 xs=0,1 r=5.75619 raw=-0.00392784 curled=-0.00392784
INTRA_PAIR: 3 10 xs=0,0 r=5.84451 raw=-0.00410611 curled=-0.00410611
INTRA_PAIR: 3 11 xs=0,0 r=4.72342 raw=-0.0232106 curled=-0.0232106
INTRA_PAIR: 3 12 xs=0,9 r=5.94321 raw=-0.00462971 curled=-0.00462971
INTRA_PAIR: 3 13 xs=0,8 r=6.63126 raw=-0.00515467 curled=-0.00515467
INTRA_PAIR: 3 16 xs=0,8 r=3.5673 raw=-0.0351194 curled=-0.0351194
INTRA_PAIR: 3 17 xs=0,3 r=3.52286 raw=-0.00597391 curled=-0.00597391
INTRA_PAIR: 3 18 xs=0,1 r=4.56221 raw=-0.00492684 curled=-0.00492684
INTRA_PAIR: 3 20 xs=0,0 r=5.86452 raw=-0.00414251 curled=-0.00414251
INTRA_PAIR: 3 21 xs=0,0 r=6.97122 raw=-0.00511799 curled=-0.00511799
INTRA_PAIR: 3 22 xs=0,0 r=7.01786 raw=-0.00509458 curled=-0.00509458
INTRA_PAIR: 3 23 xs=0,0 r=4.65894 raw=-0.0259935 curled=-0.0259935
INTRA_PAIR: 3 24 xs=0,0 r=5.97793 raw=-0.00435431 curled=-0.00435431
INTRA_PAIR: 3 26 xs=0,0 r=6.54228 raw=-0.00507086 curled=-0.00507086
INTRA_PAIR: 4 8 xs=0,1 r=5.26198 raw=-0.00286402 curled=-0.00286402
INTRA_PAIR: 4 9 xs=0,1 r=6.43026 raw=-0.00498356 curled=-0.00498356
INTRA_PAIR: 4 10 xs=0,0 r=5.99833 raw=-0.00439136 curled=-0.00439136
INTRA_PAIR: 4 11 xs=0,0 r=5.03827 raw=-0.0116074 curled=-0.0116074
INTRA_PAIR: 4 12 xs=0,9 r=6.75354 raw=-0.00512573 curled=-0.00512573
INTRA_PAIR: 4 13 xs=0,8 r=7.29599 raw=-0.00456761 curled=-0.00456761
INTRA_PAIR: 4 18 xs=0,1 r=4.3926 raw=-0.00993472 curled=-0.00993472
INTRA_PAIR: 4 20 xs=0,0 r=5.5189 raw=-0.00341998 curled=-0.00341998
INTRA_PAIR: 4 21 xs=0,0 r=6.76664 raw=-0.00515462 curled=-0.00515462
INTRA_PAIR: 4 22 xs=0,0 r=7.06776 raw=-0.00506441 curled=-0.00506441
INTRA_PAIR: 4 23 xs=0,0 r=4.86717 raw=-0.0175278 curled=-0.0175278
INTRA_PAIR: 4 24 xs=0,0 r=6.23108 raw=-0.00475541 curled=-0.00475541
INTRA_PAIR: 4 26 xs=0,0 r=7.04966 raw=-0.00507603 curled=-0.00507603
INTRA_PAIR: 5 8 xs=0,1 r=6.66293 raw=-0.00513173 curled=-0.00513173
INTRA_PAIR: 5 9 xs=0,1 r=7.83069 raw=-0.00395232 curled=-0.00395232
INTRA_PAIR: 5 10 xs=0,0 r=7.37205 raw=-0.00474985 curled=-0.00474985
INTRA_PAIR: 5 11 xs=0,0 r=6.31586 raw=-0.0048626 curled=-0.0048626
INTRA_PAIR: 5 20 xs=0,0 r=4.68239 raw=-0.0249332 curled=-0.0249332
INTRA_PAIR: 5 21 xs=0,0 r=6.01562 raw=-0.00442314 curled=-0.00442314
INTRA_PAIR: 5 22 xs=0,0 r=6.53493 raw=-0.00506611 curled=-0.00506611
INTRA_PAIR: 5 23 xs=0,0 r=4.57216 raw=-0.0303747 curled=-0.0303747
INTRA_PAIR: 5 24 xs=0,0 r=5.91486 raw=-0.00423866 curled=-0.00423866
INTRA_PAIR: 5 25 xs=0,0 r=7.13258 raw=-0.00501621 curled=-0.00501621
INTRA_PAIR: 5 26 xs=0,0 r=6.95617 raw=-0.00512459 curled=-0.00512459
INTRA_PAIR: 6 9 xs=0,1 r=4.72741 raw=-0.00289449 curled=-0.00289449
INTRA_PAIR: 6 10 xs=0,0 r=3.71924 raw=-0.0646288 curled=-0.0646288
INTRA_PAIR: 6 11 xs=0,0 r=3.43942 raw=0.0528696 curled=0.0528669
INTRA_PAIR: 6 12 xs=0,9 r=5.38017 raw=-0.00355582 curled=-0.00355582
INTRA_PAIR: 6 13 xs=0,8 r=5.46015 raw=-0.00372897 curled=-0.00372897
INTRA_PAIR: 6 15 xs=0,1 r=4.8015 raw=-0.00254612 curled=-0.00254612
INTRA_PAIR: 6 16 xs=0,8 r=5.80881 raw=-0.00440789 curled=-0.00440789
INTRA_PAIR: 6 17 xs=0,3 r=5.05614 raw=-0.002649 curled=-0.002649
INTRA_PAIR: 6 18 xs=0,1 r=6.2523 raw=-0.0047821 curled=-0.0047821
INTRA_PAIR: 6 20 xs=0,0 r=7.3825 raw=-0.00473533 curled=-0.00473533
INTRA_PAIR: 6 23 xs=0,0 r=6.51405 raw=-0.00505106 curled=-0.00505106
INTRA_PAIR: 6 24 xs=0,0 r=7.78639 raw=-0.00404109 curled=-0.00404109
INTRA_PAIR: 7 8 xs=0,1 r=4.65794 raw=-0.00350238 curled=-0.00350238
INTRA_PAIR: 7 9 xs=0,1 r=6.00559 raw=-0.00440506 curled=-0.00440506
INTRA_PAIR: 7 10 xs=0,0 r=5.08911 raw=-0.00994981 curled=-0.00994981
INTRA_PAIR: 7 11 xs=0,0 r=4.49544 raw=-0.0347633 curled=-0.0347633
INTRA_PAIR: 7 12 xs=0,9 r=6.52238 raw=-0.00514832 curled=-0.00514832
INTRA_PAIR: 7 13 xs=0,8 r=6.80308 raw=-0.00510254 curled=-0.00510254
INTRA_PAIR: 7 16 xs=0,8 r=4.70359 raw=-0.00237143 curled=-0.00237143
INTRA_PAIR: 7 17 xs=0,3 r=4.01848 raw=-0.0246233 curled=-0.0246233
INTRA_PAIR: 7 18 xs=0,1 r=5.32537 raw=-0.00299694 curled=-0.00299694
INTRA_PAIR: 7 20 xs=0,0 r=6.35698 raw=-0.00491003 curled=-0.00491003
INTRA_PAIR: 7 21 xs=0,0 r=7.60583 raw=-0.00438214 curled=-0.00438214
INTRA_PAIR: 7 22 xs=0,0 r=7.9519 raw=-0.00370018 curled=-0.00370018
INTRA_PAIR: 7 23 xs=0,0 r=5.83141 raw=-0.00407979 curled=-0.00407979
INTRA_PAIR: 7 24 xs=0,0 r=7.15715 raw=-0.00499358 curled=-0.00499358
INTRA_PAIR: 7 26 xs=0,0 r=7.96436 raw=-0.00367503 curled=-0.00367503
INTRA_PAIR: 8 15 xs=1,1 r=7.29968 raw=-0.00484304 curled=-0.00484304
INTRA_PAIR: 8 17 xs=1,3 r=7.28391 raw=-0.00473553 curled=-0.00473553
INTRA_PAIR: 8 23 xs=1,0 r=7.83055 raw=-0.00395232 curled=-0.00395232
INTRA_PAIR: 11 15 xs=0,1 r=6.7445 raw=-0.00515199 curled=-0.00515199
INTRA_PAIR: 11 16 xs=0,8 r=7.76179 raw=-0.00368081 curled=-0.00368081
INTRA_PAIR: 11 17 xs=0,3 r=6.46594 raw=-0.00508533 curled=-0.00508533
INTRA_PAIR: 11 18 xs=0,1 r=7.15797 raw=-0.00499358 curled=-0.00499358
INTRA_PAIR: 11 23 xs=0,0 r=6.84101 raw=-0.00515385 curled=-0.00515385
INTRA_PAIR: 11 24 xs=0,0 r=7.74317 raw=-0.00412835 curled=-0.00412835
INTRA_PAIR: 11 26 xs=0,0 r=7.82782 raw=-0.00396045 curled=-0.00396045
INTRA_PAIR: 15 21 xs=1,0 r=4.65942 raw=-0.00350238 curled=-0.00350238
INTRA_PAIR: 15 22 xs=1,0 r=5.11895 raw=-0.00257758 curled=-0.00257758
INTRA_PAIR: 15 24 xs=1,0 r=4.52943 raw=-0.00565678 curled=-0.00565678
INTRA_PAIR: 15 25 xs=1,0 r=5.84862 raw=-0.00411134 curled=-0.00411134
INTRA_PAIR: 15 26 xs=1,0 r=5.6336 raw=-0.00366891 curled=-0.00366891
INTRA_PAIR: 16 20 xs=8,0 r=3.59488 raw=-0.0360859 curled=-0.0360859
INTRA_PAIR: 16 21 xs=8,0 r=4.73443 raw=-0.00236686 curled=-0.00236686
INTRA_PAIR: 16 22 xs=8,0 r=5.17554 raw=-0.0031086 curled=-0.0031086
INTRA_PAIR: 16 23 xs=8,0 r=3.50912 raw=-0.0283084 curled=-0.0283084
INTRA_PAIR: 16 24 xs=8,0 r=4.65619 raw=-0.00241672 curled=-0.00241672
INTRA_PAIR: 16 25 xs=8,0 r=5.85299 raw=-0.00448579 curled=-0.00448579
INTRA_PAIR: 16 26 xs=8,0 r=5.72227 raw=-0.00425109 curled=-0.00425109
INTRA_DEBUG: ligand 0 num_pairs=193 v[0]=1000
INTRA_PAIR: 0 12 xs=1,9 r=3.78495 raw=-0.0317264 curled=-0.0317264
INTRA_PAIR: 0 13 xs=1,8 r=4.79801 raw=-0.00240334 curled=-0.00240334
INTRA_PAIR: 0 15 xs=1,1 r=5.03417 raw=-0.00244314 curled=-0.00244314
INTRA_PAIR: 0 16 xs=1,8 r=5.30343 raw=-0.00339007 curled=-0.00339007
INTRA_PAIR: 0 17 xs=1,3 r=6.00122 raw=-0.00456362 curled=-0.00456362
INTRA_PAIR: 0 18 xs=1,1 r=7.05812 raw=-0.00507032 curled=-0.00507032
INTRA_PAIR: 0 23 xs=1,0 r=7.03662 raw=-0.00508426 curled=-0.00508426
INTRA_PAIR: 1 15 xs=8,1 r=6.47842 raw=-0.00513733 curled=-0.00513733
INTRA_PAIR: 1 16 xs=8,8 r=6.66314 raw=-0.00506785 curled=-0.00506785
INTRA_PAIR: 1 17 xs=8,3 r=7.43662 raw=-0.00414146 curled=-0.00414146
INTRA_PAIR: 2 9 xs=0,1 r=4.18152 raw=-0.0208103 curled=-0.0208103
INTRA_PAIR: 2 10 xs=0,0 r=3.47131 raw=0.0325713 curled=0.0325703
INTRA_PAIR: 2 11 xs=0,0 r=4.77664 raw=-0.0209417 curled=-0.0209417
INTRA_PAIR: 2 12 xs=0,9 r=4.02545 raw=-0.0182399 curled=-0.0182399
INTRA_PAIR: 2 13 xs=0,8 r=5.29004 raw=-0.00335774 curled=-0.00335774
INTRA_PAIR: 2 15 xs=0,1 r=4.70538 raw=-0.00306206 curled=-0.00306206
INTRA_PAIR: 2 16 xs=0,8 r=4.88788 raw=-0.00252432 curled=-0.00252432
INTRA_PAIR: 2 17 xs=0,3 r=5.82766 raw=-0.0042614 curled=-0.0042614
INTRA_PAIR: 2 18 xs=0,1 r=6.97985 raw=-0.00511497 curled=-0.00511497
INTRA_PAIR: 2 23 xs=0,0 r=7.17217 raw=-0.00497967 curled=-0.00497967
INTRA_PAIR: 3 8 xs=0,1 r=4.75922 raw=-0.0027224 curled=-0.0027224
INTRA_PAIR: 3 9 xs=0,1 r=5.52163 raw=-0.00342618 curled=-0.00342618
INTRA_PAIR: 3 10 xs=0,0 r=4.48019 raw=-0.0356408 curled=-0.0356408
INTRA_PAIR: 3 11 xs=0,0 r=5.94179 raw=-0.00428766 curled=-0.00428766
INTRA_PAIR: 3 12 xs=0,9 r=5.3864 raw=-0.00356839 curled=-0.00356839
INTRA_PAIR: 3 13 xs=0,8 r=6.58389 raw=-0.0051557 curled=-0.0051557
INTRA_PAIR: 3 16 xs=0,8 r=3.82603 raw=-0.0297415 curled=-0.0297415
INTRA_PAIR: 3 17 xs=0,3 r=4.70335 raw=-0.00254174 curled=-0.00254174
INTRA_PAIR: 3 18 xs=0,1 r=5.92039 raw=-0.00424855 curled=-0.00424855
INTRA_PAIR: 3 20 xs=0,0 r=7.05007 raw=-0.00507603 curled=-0.00507603
INTRA_PAIR: 3 23 xs=0,0 r=6.30964 raw=-0.0048538 curled=-0.0048538
INTRA_PAIR: 3 24 xs=0,0 r=7.66195 raw=-0.00428229 curled=-0.00428229
INTRA_PAIR: 4 8 xs=0,1 r=5.27068 raw=-0.0028766 curled=-0.0028766
INTRA_PAIR: 4 9 xs=0,1 r=6.3015 raw=-0.00484487 curled=-0.00484487
INTRA_PAIR: 4 10 xs=0,0 r=4.92279 raw=-0.0155928 curled=-0.0155928
INTRA_PAIR: 4 11 xs=0,0 r=6.19101 raw=-0.00469939 curled=-0.00469939
INTRA_PAIR: 4 12 xs=0,9 r=6.33362 raw=-0.00506505 curled=-0.00506505
INTRA_PAIR: 4 13 xs=0,8 r=7.34767 raw=-0.00448396 curled=-0.00448396
INTRA_PAIR: 4 18 xs=0,1 r=4.72068 raw=-0.00293916 curled=-0.00293916
INTRA_PAIR: 4 20 xs=0,0 r=5.88948 raw=-0.00418855 curled=-0.00418855
INTRA_PAIR: 4 21 xs=0,0 r=7.11837 raw=-0.00502695 curled=-0.00502695
INTRA_PAIR: 4 22 xs=0,0 r=7.3664 raw=-0.00475846 curled=-0.00475846
INTRA_PAIR: 4 23 xs=0,0 r=5.11046 raw=-0.0092339 curled=-0.0092339
INTRA_PAIR: 4 24 xs=0,0 r=6.47334 raw=-0.00501941 curled=-0.00501941
INTRA_PAIR: 4 26 xs=0,0 r=7.22095 raw=-0.00493268 curled=-0.00493268
INTRA_PAIR: 5 8 xs=0,1 r=6.67817 raw=-0.00513717 curled=-0.00513717
INTRA_PAIR: 5 9 xs=0,1 r=7.69408 raw=-0.00422151 curled=-0.00422151
INTRA_PAIR: 5 10 xs=0,0 r=6.21801 raw=-0.00473828 curled=-0.00473828
INTRA_PAIR: 5 11 xs=0,0 r=7.57806 raw=-0.00443243 curled=-0.00443243
INTRA_PAIR: 5 12 xs=0,9 r=7.70207 raw=-0.00380493 curled=-0.00380493
INTRA_PAIR: 5 20 xs=0,0 r=4.75534 raw=-0.0218543 curled=-0.0218543
INTRA_PAIR: 5 21 xs=0,0 r=6.06749 raw=-0.0045106 curled=-0.0045106
INTRA_PAIR: 5 22 xs=0,0 r=6.52594 raw=-0.00505957 curled=-0.00505957
INTRA_PAIR: 5 23 xs=0,0 r=4.49087 raw=-0.0349802 curled=-0.0349802
INTRA_PAIR: 5 24 xs=0,0 r=5.84708 raw=-0.00411134 curled=-0.00411134
INTRA_PAIR: 5 25 xs=0,0 r=7.22725 raw=-0.0049259 curled=-0.0049259
INTRA_PAIR: 5 26 xs=0,0 r=6.84028 raw=-0.00515385 curled=-0.00515385
INTRA_PAIR: 6 9 xs=0,1 r=4.77263 raw=-0.0026598 curled=-0.0026598
INTRA_PAIR: 6 10 xs=0,0 r=3.49353 raw=0.0192176 curled=0.0192172
INTRA_PAIR: 6 11 xs=0,0 r=4.00855 raw=-0.0656426 curled=-0.0656426
INTRA_PAIR: 6 12 xs=0,9 r=5.05164 raw=-0.00283856 curled=-0.00283856
INTRA_PAIR: 6 13 xs=0,8 r=5.80697 raw=-0.00440789 curled=-0.00440789
INTRA_PAIR: 6 15 xs=0,1 r=4.3389 raw=-0.0122584 curled=-0.0122584
INTRA_PAIR: 6 16 xs=0,8 r=4.78461 raw=-0.0023917 curled=-0.0023917
INTRA_PAIR: 6 17 xs=0,3 r=5.09261 raw=-0.00271536 curled=-0.00271536
INTRA_PAIR: 6 18 xs=0,1 r=6.07524 raw=-0.00452329 curled=-0.00452329
INTRA_PAIR: 6 20 xs=0,0 r=7.40443 raw=-0.0047057 curled=-0.0047057
INTRA_PAIR: 6 23 xs=0,0 r=5.97086 raw=-0.00434023 curled=-0.00434023
INTRA_PAIR: 6 24 xs=0,0 r=7.19413 raw=-0.00495892 curled=-0.00495892
INTRA_PAIR: 6 26 xs=0,0 r=7.51283 raw=-0.00453979 curled=-0.00453979
INTRA_PAIR: 7 8 xs=0,1 r=4.74653 raw=-0.00279329 curled=-0.00279329
INTRA_PAIR: 7 9 xs=0,1 r=5.99641 raw=-0.00438677 curled=-0.00438677
INTRA_PAIR: 7 10 xs=0,0 r=4.51129 raw=-0.0337025 curled=-0.0337025
INTRA_PAIR: 7 11 xs=0,0 r=5.36601 raw=-0.00308607 curled=-0.00308607
INTRA_PAIR: 7 12 xs=0,9 r=6.203 raw=-0.00495736 curled=-0.00495736
INTRA_PAIR: 7 13 xs=0,8 r=7.02106 raw=-0.00493234 curled=-0.00493234
INTRA_PAIR: 7 16 xs=0,8 r=3.67305 raw=-0.0354508 curled=-0.0354508
INTRA_PAIR: 7 17 xs=0,3 r=3.73433 raw=-0.0359735 curled=-0.0359735
INTRA_PAIR: 7 18 xs=0,1 r=4.80459 raw=-0.00253562 curled=-0.00253562
INTRA_PAIR: 7 20 xs=0,0 r=6.08973 raw=-0.00454417 curled=-0.00454417
INTRA_PAIR: 7 21 xs=0,0 r=7.18611 raw=-0.00496734 curled=-0.00496734
INTRA_PAIR: 7 22 xs=0,0 r=7.22648 raw=-0.0049259 curled=-0.0049259
INTRA_PAIR: 7 23 xs=0,0 r=4.89096 raw=-0.0167209 curled=-0.0167209
INTRA_PAIR: 7 24 xs=0,0 r=6.1884 raw=-0.00469577 curled=-0.00469577
INTRA_PAIR: 7 26 xs=0,0 r=6.73098 raw=-0.00514974 curled=-0.00514974
INTRA_PAIR: 8 15 xs=1,1 r=7.59922 raw=-0.00439661 curled=-0.00439661
INTRA_PAIR: 8 16 xs=1,8 r=7.92093 raw=-0.00333419 curled=-0.00333419
INTRA_PAIR: 10 15 xs=0,1 r=7.34494 raw=-0.00478664 curled=-0.00478664
INTRA_PAIR: 10 16 xs=0,8 r=7.86525 raw=-0.00345582 curled=-0.00345582
INTRA_PAIR: 15 21 xs=1,0 r=4.74706 raw=-0.00277476 curled=-0.00277476
INTRA_PAIR: 15 22 xs=1,0 r=5.10412 raw=-0.00255085 curled=-0.00255085
INTRA_PAIR: 15 24 xs=1,0 r=4.41261 raw=-0.00911394 curled=-0.00911394
INTRA_PAIR: 15 25 xs=1,0 r=5.99943 raw=-0.00439136 curled=-0.00439136
INTRA_PAIR: 15 26 xs=1,0 r=5.44437 raw=-0.00325735 curled=-0.00325735
INTRA_PAIR: 16 20 xs=8,0 r=3.85654 raw=-0.0282259 curled=-0.0282259
INTRA_PAIR: 16 21 xs=8,0 r=4.92347 raw=-0.00258464 curled=-0.00258464
INTRA_PAIR: 16 22 xs=8,0 r=5.1532 raw=-0.0030557 curled=-0.0030557
INTRA_PAIR: 16 23 xs=8,0 r=3.20579 raw=0.112479 curled=0.112466
INTRA_PAIR: 16 24 xs=8,0 r=4.41844 raw=-0.00402126 curled=-0.00402126
INTRA_PAIR: 16 25 xs=8,0 r=6.17713 raw=-0.00493184 curled=-0.00493184
INTRA_PAIR: 16 26 xs=8,0 r=5.3262 raw=-0.00343511 curled=-0.00343511
INTRA_DEBUG: ligand 0 num_pairs=193 v[0]=1000
INTRA_PAIR: 0 12 xs=1,9 r=3.72066 raw=-0.0342783 curled=-0.0342783
INTRA_PAIR: 0 13 xs=1,8 r=4.27323 raw=-0.00711989 curled=-0.00711989
INTRA_PAIR: 0 15 xs=1,1 r=5.03194 raw=-0.00244314 curled=-0.00244314
INTRA_PAIR: 0 16 xs=1,8 r=5.4097 raw=-0.00361836 curled=-0.00361836
INTRA_PAIR: 0 17 xs=1,3 r=5.89963 raw=-0.0043917 curled=-0.0043917
INTRA_PAIR: 0 18 xs=1,1 r=6.95415 raw=-0.00512548 curled=-0.00512548
INTRA_PAIR: 0 20 xs=1,0 r=6.96698 raw=-0.00511994 curled=-0.00511994
INTRA_PAIR: 1 15 xs=8,1 r=6.46264 raw=-0.00513173 curled=-0.00513173
INTRA_PAIR: 1 16 xs=8,8 r=6.78002 raw=-0.00497425 curled=-0.00497425
INTRA_PAIR: 1 17 xs=8,3 r=7.29149 raw=-0.00440783 curled=-0.00440783
INTRA_PAIR: 2 9 xs=0,1 r=3.64365 raw=-0.0117051 curled=-0.0117051
INTRA_PAIR: 2 10 xs=0,0 r=4.7744 raw=-0.0210704 curled=-0.0210704
INTRA_PAIR: 2 11 xs=0,0 r=3.77138 raw=-0.0704411 curled=-0.0704411
INTRA_PAIR: 2 12 xs=0,9 r=3.59763 raw=-0.0361168 curled=-0.0361168
INTRA_PAIR: 2 13 xs=0,8 r=4.47705 raw=-0.00330829 curled=-0.00330829
INTRA_PAIR: 2 15 xs=0,1 r=4.19068 raw=-0.0203672 curled=-0.0203672
INTRA_PAIR: 2 16 xs=0,8 r=4.64224 raw=-0.00244 curled=-0.00244
INTRA_PAIR: 2 17 xs=0,3 r=4.8912 raw=-0.00239734 curled=-0.00239734
INTRA_PAIR: 2 18 xs=0,1 r=5.82333 raw=-0.00406388 curled=-0.00406388
INTRA_PAIR: 2 20 xs=0,0 r=5.7456 raw=-0.00390553 curled=-0.00390553
INTRA_PAIR: 2 21 xs=0,0 r=7.01597 raw=-0.00509581 curled=-0.00509581
INTRA_PAIR: 2 23 xs=0,0 r=7.14339 raw=-0.00500697 curled=-0.00500697
INTRA_PAIR: 2 25 xs=0,0 r=7.40016 raw=-0.00471169 curled=-0.00471169
INTRA_PAIR: 3 8 xs=0,1 r=4.67598 raw=-0.00332758 curled=-0.00332758
INTRA_PAIR: 3 9 xs=0,1 r=4.93596 raw=-0.00236691 curled=-0.00236691
INTRA_PAIR: 3 10 xs=0,0 r=6.05704 raw=-0.00449351 curled=-0.00449351
INTRA_PAIR: 3 11 xs=0,0 r=4.75847 raw=-0.0217222 curled=-0.0217222
INTRA_PAIR: 3 12 xs=0,9 r=4.69661 raw=-0.00237486 curled=-0.00237486
INTRA_PAIR: 3 13 xs=0,8 r=5.81354 raw=-0.00441725 curled=-0.00441725
INTRA_PAIR: 3 16 xs=0,8 r=3.45073 raw=-0.0148492 curled=-0.0148492
INTRA_PAIR: 3 17 xs=0,3 r=3.5454 raw=-0.0130246 curled=-0.0130246
INTRA_PAIR: 3 18 xs=0,1 r=4.56566 raw=-0.00486095 curled=-0.00486095
INTRA_PAIR: 3 20 xs=0,0 r=4.67106 raw=-0.0253822 curled=-0.0253822
INTRA_PAIR: 3 21 xs=0,0 r=6.00992 raw=-0.0044096 curled=-0.0044096
INTRA_PAIR: 3 22 xs=0,0 r=7.02579 raw=-0.0050908 curled=-0.0050908
INTRA_PAIR: 3 23 xs=0,0 r=5.84899 raw=-0.00411134 curled=-0.00411134
INTRA_PAIR: 3 24 xs=0,0 r=6.95131 raw=-0.00512636 curled=-0.00512636
INTRA_PAIR: 3 25 xs=0,0 r=6.60612 raw=-0.00510776 curled=-0.00510776
INTRA_PAIR: 4 8 xs=0,1 r=5.24774 raw=-0.0028327 curled=-0.0028327
INTRA_PAIR: 4 9 xs=0,1 r=5.82427 raw=-0.00406388 curled=-0.00406388
INTRA_PAIR: 4 10 xs=0,0 r=6.51822 raw=-0.00505451 curled=-0.00505451
INTRA_PAIR: 4 11 xs=0,0 r=5.09457 raw=-0.00974473 curled=-0.00974473
INTRA_PAIR: 4 12 xs=0,9 r=5.67118 raw=-0.00415735 curled=-0.00415735
INTRA_PAIR: 4 13 xs=0,8 r=6.77838 raw=-0.00511492 curled=-0.00511492
INTRA_PAIR: 4 18 xs=0,1 r=4.67916 raw=-0.00329506 curled=-0.00329506
INTRA_PAIR: 4 20 xs=0,0 r=5.08254 raw=-0.0101553 curled=-0.0101553
INTRA_PAIR: 4 21 xs=0,0 r=6.44416 raw=-0.00499454 curled=-0.00499454
INTRA_PAIR: 4 22 xs=0,0 r=7.29518 raw=-0.00484821 curled=-0.00484821
INTRA_PAIR: 4 23 xs=0,0 r=5.80995 raw=-0.00403716 curled=-0.00403716
INTRA_PAIR: 4 24 xs=0,0 r=7.0175 raw=-0.00509581 curled=-0.00509581
INTRA_PAIR: 4 25 xs=0,0 r=7.22629 raw=-0.0049259 curled=-0.0049259
INTRA_PAIR: 5 8 xs=0,1 r=6.64379 raw=-0.00512466 curled=-0.00512466
INTRA_PAIR: 5 9 xs=0,1 r=7.16251 raw=-0.00498965 curled=-0.00498965
INTRA_PAIR: 5 10 xs=0,0 r=7.93204 raw=-0.00374199 curled=-0.00374199
INTRA_PAIR: 5 11 xs=0,0 r=6.37542 raw=-0.00492835 curled=-0.00492835
INTRA_PAIR: 5 12 xs=0,9 r=6.88694 raw=-0.00505138 curled=-0.00505138
INTRA_PAIR: 5 20 xs=0,0 r=4.47983 raw=-0.0356408 curled=-0.0356408
INTRA_PAIR: 5 21 xs=0,0 r=5.80938 raw=-0.00403179 curled=-0.00403179
INTRA_PAIR: 5 22 xs=0,0 r=6.44392 raw=-0.00499454 curled=-0.00499454
INTRA_PAIR: 5 23 xs=0,0 r=4.70714 raw=-0.0237724 curled=-0.0237724
INTRA_PAIR: 5 24 xs=0,0 r=5.97142 raw=-0.00434493 curled=-0.00434493
INTRA_PAIR: 5 25 xs=0,0 r=6.81765 raw=-0.00515558 curled=-0.00515558
INTRA_PAIR: 5 26 xs=0,0 r=7.10336 raw=-0.00503898 curled=-0.00503898
INTRA_PAIR: 6 9 xs=0,1 r=4.6092 raw=-0.00416251 curled=-0.00416251
INTRA_PAIR: 6 10 xs=0,0 r=4.49938 raw=-0.034548 curled=-0.034548
INTRA_PAIR: 6 11 xs=0,0 r=3.50358 raw=0.0141415 curled=0.0141413
INTRA_PAIR: 6 12 xs=0,9 r=4.90468 raw=-0.0025511 curled=-0.0025511
INTRA_PAIR: 6 13 xs=0,8 r=5.52428 raw=-0.0038604 curled=-0.0038604
INTRA_PAIR: 6 15 xs=0,1 r=4.83925 raw=-0.00244439 curled=-0.00244439
INTRA_PAIR: 6 16 xs=0,8 r=5.20802 raw=-0.00317461 curled=-0.00317461
INTRA_PAIR: 6 17 xs=0,3 r=5.83977 raw=-0.0042862 curled=-0.0042862
INTRA_PAIR: 6 18 xs=0,1 r=7.0351 raw=-0.00508559 curled=-0.00508559
INTRA_PAIR: 6 20 xs=0,0 r=7.25748 raw=-0.0048931 curled=-0.0048931
INTRA_PAIR: 7 8 xs=0,1 r=4.7928 raw=-0.00256835 curled=-0.00256835
INTRA_PAIR: 7 9 xs=0,1 r=5.69748 raw=-0.00380336 curled=-0.00380336
INTRA_PAIR: 7 10 xs=0,0 r=5.86282 raw=-0.00413734 curled=-0.00413734
INTRA_PAIR: 7 11 xs=0,0 r=4.56486 raw=-0.0307452 curled=-0.0307452
INTRA_PAIR: 7 12 xs=0,9 r=5.76628 raw=-0.00433111 curled=-0.00433111
INTRA_PAIR: 7 13 xs=0,8 r=6.66548 raw=-0.00515056 curled=-0.00515056
INTRA_PAIR: 7 16 xs=0,8 r=4.15791 raw=-0.0113592 curled=-0.0113592
INTRA_PAIR: 7 17 xs=0,3 r=4.74364 raw=-0.00243399 curled=-0.00243399
INTRA_PAIR: 7 18 xs=0,1 r=6.01006 raw=-0.0044096 curled=-0.0044096
INTRA_PAIR: 7 20 xs=0,0 r=6.41707 raw=-0.00496989 curled=-0.00496989
INTRA_PAIR: 7 21 xs=0,0 r=7.75984 raw=-0.00409681 curled=-0.00409681
INTRA_PAIR: 7 23 xs=0,0 r=7.0877 raw=-0.00505046 curled=-0.00505046
INTRA_PAIR: 8 15 xs=1,1 r=7.48265 raw=-0.00458958 curled=-0.00458958
INTRA_PAIR: 8 16 xs=1,8 r=7.95094 raw=-0.00326908 curled=-0.00326908
INTRA_PAIR: 9 15 xs=1,1 r=7.77511 raw=-0.00406505 curled=-0.00406505
INTRA_PAIR: 11 15 xs=0,1 r=7.42366 raw=-0.00467838 curled=-0.00467838
INTRA_PAIR: 12 15 xs=9,1 r=7.448 raw=-0.00430619 curled=-0.00430619
INTRA_PAIR: 12 17 xs=9,3 r=7.77096 raw=-0.00344255 curled=-0.00344255
INTRA_PAIR: 15 21 xs=1,0 r=4.30606 raw=-0.013835 curled=-0.013835
INTRA_PAIR: 15 22 xs=1,0 r=4.96502 raw=-0.0023774 curled=-0.0023774
INTRA_PAIR: 15 24 xs=1,0 r=4.62197 raw=-0.00396498 curled=-0.00396498
INTRA_PAIR: 15 25 xs=1,0 r=5.3394 raw=-0.00302876 curled=-0.00302876
INTRA_PAIR: 15 26 xs=1,0 r=5.86349 raw=-0.00414251 curled=-0.00414251
INTRA_PAIR: 16 20 xs=8,0 r=3.01984 raw=0.275053 curled=0.274977
INTRA_PAIR: 16 21 xs=8,0 r=4.11552 raw=-0.013485 curled=-0.013485
INTRA_PAIR: 16 22 xs=8,0 r=4.8382 raw=-0.00245219 curled=-0.00245219
INTRA_PAIR: 16 23 xs=8,0 r=3.79631 raw=-0.0311572 curled=-0.0311572
INTRA_PAIR: 16 24 xs=8,0 r=4.70256 raw=-0.00237143 curled=-0.00237143
INTRA_PAIR: 16 25 xs=8,0 r=4.97874 raw=-0.0026921 curled=-0.0026921
INTRA_PAIR: 16 26 xs=8,0 r=5.96268 raw=-0.00465731 curled=-0.00465731
INTRA_DEBUG: ligand 0 num_pairs=193 v[0]=1000
INTRA_PAIR: 0 12 xs=1,9 r=4.6452 raw=-0.00243369 curled=-0.00243369
INTRA_PAIR: 0 13 xs=1,8 r=3.82386 raw=-0.0299505 curled=-0.0299505
INTRA_PAIR: 0 15 xs=1,1 r=5.04881 raw=-0.00246393 curled=-0.00246393
INTRA_PAIR: 0 16 xs=1,8 r=4.99689 raw=-0.00272958 curled=-0.00272958
INTRA_PAIR: 0 17 xs=1,3 r=6.01952 raw=-0.00459234 curled=-0.00459234
INTRA_PAIR: 0 18 xs=1,1 r=7.08695 raw=-0.00505046 curled=-0.00505046
INTRA_PAIR: 0 20 xs=1,0 r=7.34411 raw=-0.00478941 curled=-0.00478941
INTRA_PAIR: 1 15 xs=8,1 r=6.50075 raw=-0.00514343 curled=-0.00514343
INTRA_PAIR: 1 16 xs=8,8 r=6.35186 raw=-0.00515314 curled=-0.00515314
INTRA_PAIR: 1 17 xs=8,3 r=7.46174 raw=-0.0040923 curled=-0.0040923
INTRA_PAIR: 2 9 xs=0,1 r=3.98113 raw=-0.0318547 curled=-0.0318547
INTRA_PAIR: 2 10 xs=0,0 r=4.6974 raw=-0.0242017 curled=-0.0242017
INTRA_PAIR: 2 11 xs=0,0 r=3.41102 raw=0.0717705 curled=0.0717653
INTRA_PAIR: 2 12 xs=0,9 r=5.13476 raw=-0.00301601 curled=-0.00301601
INTRA_PAIR: 2 13 xs=0,8 r=3.7254 raw=-0.03401 curled=-0.03401
INTRA_PAIR: 2 15 xs=0,1 r=4.63916 raw=-0.00374067 curled=-0.00374067
INTRA_PAIR: 2 16 xs=0,8 r=4.55231 raw=-0.00274686 curled=-0.00274686
INTRA_PAIR: 2 17 xs=0,3 r=5.78618 raw=-0.00418527 curled=-0.00418527
INTRA_PAIR: 2 18 xs=0,1 r=6.9133 raw=-0.00513941 curled=-0.00513941
INTRA_PAIR: 2 20 xs=0,0 r=7.41434 raw=-0.0046906 curled=-0.0046906
INTRA_PAIR: 2 23 xs=0,0 r=7.88423 raw=-0.00384165 curled=-0.00384165
INTRA_PAIR: 3 8 xs=0,1 r=4.6545 raw=-0.00353986 curled=-0.00353986
INTRA_PAIR: 3 9 xs=0,1 r=5.32585 raw=-0.00299694 curled=-0.00299694
INTRA_PAIR: 3 10 xs=0,0 r=5.91111 raw=-0.0042337 curled=-0.0042337
INTRA_PAIR: 3 11 xs=0,0 r=4.42497 raw=-0.039422 curled=-0.039422
INTRA_PAIR: 3 12 xs=0,9 r=6.50171 raw=-0.00514343 curled=-0.00514343
INTRA_PAIR: 3 13 xs=0,8 r=4.98569 raw=-0.00270452 curled=-0.00270452
INTRA_PAIR: 3 16 xs=0,8 r=3.52851 raw=-0.0311019 curled=-0.0311019
INTRA_PAIR: 3 17 xs=0,3 r=4.64196 raw=-0.00281184 curled=-0.00281184
INTRA_PAIR: 3 18 xs=0,1 r=5.82705 raw=-0.0040692 curled=-0.0040692
INTRA_PAIR: 3 20 xs=0,0 r=6.50822 raw=-0.00504756 curled=-0.00504756
INTRA_PAIR: 3 21 xs=0,0 r=7.84424 raw=-0.0039238 curled=-0.0039238
INTRA_PAIR: 3 23 xs=0,0 r=6.7001 raw=-0.00514314 curled=-0.00514314
INTRA_PAIR: 3 24 xs=0,0 r=7.9893 raw=-0.00362039 curled=-0.00362039
INTRA_PAIR: 4 8 xs=0,1 r=5.24597 raw=-0.00282646 curled=-0.00282646
INTRA_PAIR: 4 9 xs=0,1 r=6.18984 raw=-0.00469939 curled=-0.00469939
INTRA_PAIR: 4 10 xs=0,0 r=6.27033 raw=-0.00480788 curled=-0.00480788
INTRA_PAIR: 4 11 xs=0,0 r=4.95578 raw=-0.0144897 curled=-0.0144897
INTRA_PAIR: 4 12 xs=0,9 r=7.3233 raw=-0.00452277 curled=-0.00452277
INTRA_PAIR: 4 13 xs=0,8 r=6.05765 raw=-0.00479131 curled=-0.00479131
INTRA_PAIR: 4 18 xs=0,1 r=4.72664 raw=-0.00291652 curled=-0.00291652
INTRA_PAIR: 4 20 xs=0,0 r=5.34368 raw=-0.00303513 curled=-0.00303513
INTRA_PAIR: 4 21 xs=0,0 r=6.71327 raw=-0.00514648 curled=-0.00514648
INTRA_PAIR: 4 22 xs=0,0 r=7.4378 raw=-0.0046567 curled=-0.0046567
INTRA_PAIR: 4 23 xs=0,0 r=5.72442 raw=-0.00386047 curled=-0.00386047
INTRA_PAIR: 4 24 xs=0,0 r=7.00517 raw=-0.00510181 curled=-0.00510181
INTRA_PAIR: 4 25 xs=0,0 r=7.62608 raw=-0.00434558 curled=-0.00434558
INTRA_PAIR: 5 8 xs=0,1 r=6.64144 raw=-0.00512371 curled=-0.00512371
INTRA_PAIR: 5 9 xs=0,1 r=7.56295 raw=-0.00445717 curled=-0.00445717
INTRA_PAIR: 5 10 xs=0,0 r=7.66158 raw=-0.00428229 curled=-0.00428229
INTRA_PAIR: 5 11 xs=0,0 r=6.22193 raw=-0.00474174 curled=-0.00474174
INTRA_PAIR: 5 13 xs=0,8 r=7.34306 raw=-0.00449108 curled=-0.00449108
INTRA_PAIR: 5 20 xs=0,0 r=4.66658 raw=-0.025686 curled=-0.025686
INTRA_PAIR: 5 21 xs=0,0 r=6.00386 raw=-0.0044005 curled=-0.0044005
INTRA_PAIR: 5 22 xs=0,0 r=6.53582 raw=-0.00506611 curled=-0.00506611
INTRA_PAIR: 5 23 xs=0,0 r=4.58871 raw=-0.0294711 curled=-0.0294711
INTRA_PAIR: 5 24 xs=0,0 r=5.92819 raw=-0.0042633 curled=-0.0042633
INTRA_PAIR: 5 25 xs=0,0 r=7.11162 raw=-0.00503217 curled=-0.00503217
INTRA_PAIR: 5 26 xs=0,0 r=6.97935 raw=-0.00511497 curled=-0.00511497
INTRA_PAIR: 6 9 xs=0,1 r=4.81013 raw=-0.00251577 curled=-0.00251577
INTRA_PAIR: 6 10 xs=0,0 r=4.20448 raw=-0.0545583 curled=-0.0545583
INTRA_PAIR: 6 11 xs=0,0 r=3.68227 raw=-0.0571471 curled=-0.0571471
INTRA_PAIR: 6 12 xs=0,9 r=5.746 raw=-0.00429649 curled=-0.00429649
INTRA_PAIR: 6 13 xs=0,8 r=5.1557 raw=-0.00306231 curled=-0.00306231
INTRA_PAIR: 6 15 xs=0,1 r=4.43464 raw=-0.00835472 curled=-0.00835472
INTRA_PAIR: 6 16 xs=0,8 r=4.554 raw=-0.00274686 curled=-0.00274686
INTRA_PAIR: 6 17 xs=0,3 r=5.17318 raw=-0.00288561 curled=-0.00288561
INTRA_PAIR: 6 18 xs=0,1 r=6.20263 raw=-0.00471727 curled=-0.00471727
INTRA_PAIR: 6 20 xs=0,0 r=6.32032 raw=-0.00486839 curled=-0.00486839
INTRA_PAIR: 6 21 xs=0,0 r=7.63178 raw=-0.0043382 curled=-0.0043382
INTRA_PAIR: 6 23 xs=0,0 r=7.43912 raw=-0.0046567 curled=-0.0046567
INTRA_PAIR: 7 8 xs=0,1 r=4.81097 raw=-0.00251577 curled=-0.00251577
INTRA_PAIR: 7 9 xs=0,1 r=5.98403 raw=-0.00436365 curled=-0.00436365
INTRA_PAIR: 7 10 xs=0,0 r=5.54822 raw=-0.00348779 curled=-0.00348779
INTRA_PAIR: 7 11 xs=0,0 r=4.64946 raw=-0.0264618 curled=-0.0264618
INTRA_PAIR: 7 12 xs=0,9 r=7.00983 raw=-0.00494377 curled=-0.00494377
INTRA_PAIR: 7 13 xs=0,8 r=6.13675 raw=-0.00488779 curled=-0.00488779
INTRA_PAIR: 7 16 xs=0,8 r=3.5111 raw=-0.0283084 curled=-0.0283084
INTRA_PAIR: 7 17 xs=0,3 r=3.83031 raw=-0.0338975 curled=-0.0338975
INTRA_PAIR: 7 18 xs=0,1 r=4.94565 raw=-0.00236909 curled=-0.00236909
INTRA_PAIR: 7 20 xs=0,0 r=5.21631 raw=-0.00572225 curled=-0.00572225
INTRA_PAIR: 7 21 xs=0,0 r=6.57716 raw=-0.00509267 curled=-0.00509267
INTRA_PAIR: 7 22 xs=0,0 r=7.51549 raw=-0.00453641 curled=-0.00453641
INTRA_PAIR: 7 23 xs=0,0 r=6.15034 raw=-0.00463986 curled=-0.00463986
INTRA_PAIR: 7 24 xs=0,0 r=7.32581 raw=-0.00481128 curled=-0.00481128
INTRA_PAIR: 7 25 xs=0,0 r=7.25747 raw=-0.0048931 curled=-0.0048931
INTRA_PAIR: 8 15 xs=1,1 r=7.63157 raw=-0.0043382 curled=-0.0043382
INTRA_PAIR: 8 16 xs=1,8 r=7.60839 raw=-0.00399822 curled=-0.00399822
INTRA_PAIR: 11 15 xs=0,1 r=7.43811 raw=-0.0046567 curled=-0.0046567
INTRA_PAIR: 11 16 xs=0,8 r=7.64385 raw=-0.00392741 curled=-0.00392741
INTRA_PAIR: 15 21 xs=1,0 r=4.63946 raw=-0.00374067 curled=-0.00374067
INTRA_PAIR: 15 22 xs=1,0 r=5.1204 raw=-0.00257758 curled=-0.00257758
INTRA_PAIR: 15 24 xs=1,0 r=4.55217 raw=-0.00513207 curled=-0.00513207
INTRA_PAIR: 15 25 xs=1,0 r=5.81504 raw=-0.00404788 curled=-0.00404788
INTRA_PAIR: 15 26 xs=1,0 r=5.67101 raw=-0.00375124 curled=-0.00375124
INTRA_PAIR: 16 20 xs=8,0 r=3.53803 raw=-0.0322646 curled=-0.0322646
INTRA_PAIR: 16 21 xs=8,0 r=4.69231 raw=-0.00237692 curled=-0.00237692
INTRA_PAIR: 16 22 xs=8,0 r=5.17683 raw=-0.0031086 curled=-0.0031086
INTRA_PAIR: 16 23 xs=8,0 r=3.5666 raw=-0.0351194 curled=-0.0351194
INTRA_PAIR: 16 24 xs=8,0 r=4.7005 raw=-0.00237143 curled=-0.00237143
INTRA_PAIR: 16 25 xs=8,0 r=5.78183 raw=-0.00436029 curled=-0.00436029
INTRA_PAIR: 16 26 xs=8,0 r=5.7968 raw=-0.00438901 curled=-0.00438901
INTRA_DEBUG: ligand 0 num_pairs=193 v[0]=1000
INTRA_PAIR: 0 12 xs=1,9 r=4.81719 raw=-0.00242397 curled=-0.00242397
INTRA_PAIR: 0 13 xs=1,8 r=3.79985 raw=-0.0309621 curled=-0.0309621
INTRA_PAIR: 0 15 xs=1,1 r=5.02624 raw=-0.00243532 curled=-0.00243532
INTRA_PAIR: 0 16 xs=1,8 r=4.7456 raw=-0.00236911 curled=-0.00236911
INTRA_PAIR: 0 17 xs=1,3 r=6.30785 raw=-0.00496214 curled=-0.00496214
INTRA_PAIR: 0 18 xs=1,1 r=7.36881 raw=-0.0047556 curled=-0.0047556
INTRA_PAIR: 0 20 xs=1,0 r=7.95114 raw=-0.00370018 curled=-0.00370018
INTRA_PAIR: 0 23 xs=1,0 r=7.99551 raw=-0.00360775 curled=-0.00360775
INTRA_PAIR: 1 15 xs=8,1 r=6.46032 raw=-0.00513087 curled=-0.00513087
INTRA_PAIR: 1 16 xs=8,8 r=6.06284 raw=-0.00501206 curled=-0.00501206
INTRA_PAIR: 1 17 xs=8,3 r=7.75112 raw=-0.00348653 curled=-0.00348653
INTRA_PAIR: 2 9 xs=0,1 r=4.17907 raw=-0.0210327 curled=-0.0210327
INTRA_PAIR: 2 10 xs=0,0 r=3.40579 raw=0.0750565 curled=0.0750509
INTRA_PAIR: 2 11 xs=0,0 r=4.74623 raw=-0.0222544 curled=-0.0222544
INTRA_PAIR: 2 12 xs=0,9 r=5.41959 raw=-0.00363697 curled=-0.00363697
INTRA_PAIR: 2 13 xs=0,8 r=3.87043 raw=-0.0273254 curled=-0.0273254
INTRA_PAIR: 2 15 xs=0,1 r=4.49586 raw=-0.00652533 curled=-0.00652533
INTRA_PAIR: 2 16 xs=0,8 r=4.28776 raw=-0.00670014 curled=-0.00670014
INTRA_PAIR: 2 17 xs=0,3 r=5.67935 raw=-0.00397572 curled=-0.00397572
INTRA_PAIR: 2 18 xs=0,1 r=6.74716 raw=-0.00515231 curled=-0.00515231
INTRA_PAIR: 2 20 xs=0,0 r=7.5372 raw=-0.00450236 curled=-0.00450236
INTRA_PAIR: 2 23 xs=0,0 r=7.19469 raw=-0.00495892 curled=-0.00495892
INTRA_PAIR: 3 8 xs=0,1 r=4.7389 raw=-0.00283203 curled=-0.00283203
INTRA_PAIR: 3 9 xs=0,1 r=5.52507 raw=-0.00343236 curled=-0.00343236
INTRA_PAIR: 3 10 xs=0,0 r=4.42933 raw=-0.0391725 curled=-0.0391725
INTRA_PAIR: 3 11 xs=0,0 r=5.91009 raw=-0.00422873 curled=-0.00422873
INTRA_PAIR: 3 12 xs=0,9 r=6.76611 raw=-0.00512101 curled=-0.00512101
INTRA_PAIR: 3 13 xs=0,8 r=5.18656 raw=-0.00312842 curled=-0.00312842
INTRA_PAIR: 3 16 xs=0,8 r=3.31317 raw=0.0425917 curled=0.0425899
INTRA_PAIR: 3 17 xs=0,3 r=4.38662 raw=-0.0067766 curled=-0.0067766
INTRA_PAIR: 3 18 xs=0,1 r=5.52082 raw=-0.00342618 curled=-0.00342618
INTRA_PAIR: 3 20 xs=0,0 r=6.40047 raw=-0.0049533 curled=-0.0049533
INTRA_PAIR: 3 21 xs=0,0 r=7.52954 raw=-0.00451264 curled=-0.00451264
INTRA_PAIR: 3 22 xs=0,0 r=7.86924 raw=-0.00387462 curled=-0.00387462
INTRA_PAIR: 3 23 xs=0,0 r=5.99719 raw=-0.00438677 curled=-0.00438677
INTRA_PAIR: 3 24 xs=0,0 r=7.17581 raw=-0.00497764 curled=-0.00497764
INTRA_PAIR: 3 26 xs=0,0 r=7.97384 raw=-0.00365404 curled=-0.00365404
INTRA_PAIR: 4 8 xs=0,1 r=5.26896 raw=-0.0028766 curled=-0.0028766
INTRA_PAIR: 4 9 xs=0,1 r=6.31647 raw=-0.0048626 curled=-0.0048626
INTRA_PAIR: 4 10 xs=0,0 r=4.92379 raw=-0.0155928 curled=-0.0155928
INTRA_PAIR: 4 11 xs=0,0 r=6.16959 raw=-0.00467006 curled=-0.00467006
INTRA_PAIR: 4 12 xs=0,9 r=7.50252 raw=-0.00420491 curled=-0.00420491
INTRA_PAIR: 4 13 xs=0,8 r=6.19881 raw=-0.00495238 curled=-0.00495238
INTRA_PAIR: 4 18 xs=0,1 r=4.88956 raw=-0.00237764 curled=-0.00237764
INTRA_PAIR: 4 20 xs=0,0 r=5.58985 raw=-0.00357305 curled=-0.00357305
INTRA_PAIR: 4 21 xs=0,0 r=6.81758 raw=-0.00515558 curled=-0.00515558
INTRA_PAIR: 4 22 xs=0,0 r=7.37147 raw=-0.00475273 curled=-0.00475273
INTRA_PAIR: 4 23 xs=0,0 r=5.65536 raw=-0.00371614 curled=-0.00371614
INTRA_PAIR: 4 24 xs=0,0 r=6.85694 raw=-0.00515184 curled=-0.00515184
INTRA_PAIR: 4 25 xs=0,0 r=7.79789 raw=-0.00402104 curled=-0.00402104
INTRA_PAIR: 4 26 xs=0,0 r=7.86992 raw=-0.00387462 curled=-0.00387462
INTRA_PAIR: 5 8 xs=0,1 r=6.6759 raw=-0.00513643 curled=-0.00513643
INTRA_PAIR: 5 9 xs=0,1 r=7.7099 raw=-0.00419071 curled=-0.00419071
INTRA_PAIR: 5 10 xs=0,0 r=6.21768 raw=-0.00473828 curled=-0.00473828
INTRA_PAIR: 5 11 xs=0,0 r=7.5547 raw=-0.00447118 curled=-0.00447118
INTRA_PAIR: 5 13 xs=0,8 r=7.53063 raw=-0.00415315 curled=-0.00415315
INTRA_PAIR: 5 20 xs=0,0 r=4.55554 raw=-0.0311211 curled=-0.0311211
INTRA_PAIR: 5 21 xs=0,0 r=5.86133 raw=-0.00413734 curled=-0.00413734
INTRA_PAIR: 5 22 xs=0,0 r=6.4323 raw=-0.00498356 curled=-0.00498356
INTRA_PAIR: 5 23 xs=0,0 r=4.62697 raw=-0.0274255 curled=-0.0274255
INTRA_PAIR: 5 24 xs=0,0 r=5.90196 raw=-0.00421374 curled=-0.00421374
INTRA_PAIR: 5 25 xs=0,0 r=6.91485 raw=-0.00513875 curled=-0.00513875
INTRA_PAIR: 5 26 xs=0,0 r=6.9871 raw=-0.00511078 curled=-0.00511078
INTRA_PAIR: 6 9 xs=0,1 r=4.79624 raw=-0.00255703 curled=-0.00255703
INTRA_PAIR: 6 10 xs=0,0 r=3.56318 raw=-0.0171807 curled=-0.0171807
INTRA_PAIR: 6 11 xs=0,0 r=4.01142 raw=-0.0656426 curled=-0.0656426
INTRA_PAIR: 6 12 xs=0,9 r=5.81089 raw=-0.00441258 curled=-0.00441258
INTRA_PAIR: 6 13 xs=0,8 r=5.1055 raw=-0.00295656 curled=-0.00295656
INTRA_PAIR: 6 15 xs=0,1 r=4.54501 raw=-0.00527532 curled=-0.00527532
INTRA_PAIR: 6 16 xs=0,8 r=4.3676 raw=-0.00484868 curled=-0.00484868
INTRA_PAIR: 6 17 xs=0,3 r=5.833 raw=-0.00427136 curled=-0.00427136
INTRA_PAIR: 6 18 xs=0,1 r=6.9069 raw=-0.00514133 curled=-0.00514133
INTRA_PAIR: 6 20 xs=0,0 r=7.30974 raw=-0.0048326 curled=-0.0048326
INTRA_PAIR: 6 23 xs=0,0 r=7.74433 raw=-0.00412442 curled=-0.00412442
INTRA_PAIR: 7 8 xs=0,1 r=4.76418 raw=-0.0026901 curled=-0.0026901
INTRA_PAIR: 7 9 xs=0,1 r=6.02004 raw=-0.00442763 curled=-0.00442763
INTRA_PAIR: 7 10 xs=0,0 r=4.56456 raw=-0.0307452 curled=-0.0307452
INTRA_PAIR: 7 11 xs=0,0 r=5.35984 raw=-0.00307334 curled=-0.00307334
INTRA_PAIR: 7 12 xs=0,9 r=7.10005 raw=-0.0048426 curled=-0.0048426
INTRA_PAIR: 7 13 xs=0,8 r=6.1734 raw=-0.00492655 curled=-0.00492655
INTRA_PAIR: 7 16 xs=0,8 r=3.39705 raw=0.00364519 curled=0.00364518
INTRA_PAIR: 7 17 xs=0,3 r=4.55919 raw=-0.00348373 curled=-0.00348373
INTRA_PAIR: 7 18 xs=0,1 r=5.69211 raw=-0.00379183 curled=-0.00379183
INTRA_PAIR: 7 20 xs=0,0 r=6.11127 raw=-0.00458094 curled=-0.00458094
INTRA_PAIR: 7 21 xs=0,0 r=7.32253 raw=-0.00481666 curled=-0.00481666
INTRA_PAIR: 7 23 xs=0,0 r=6.62342 raw=-0.00511561 curled=-0.00511561
INTRA_PAIR: 7 24 xs=0,0 r=7.74126 raw=-0.00413227 curled=-0.00413227
INTRA_PAIR: 8 15 xs=1,1 r=7.62513 raw=-0.00434926 curled=-0.00434926
INTRA_PAIR: 8 16 xs=1,8 r=7.35956 raw=-0.00446247 curled=-0.00446247
INTRA_PAIR: 10 15 xs=0,1 r=7.3995 raw=-0.00471169 curled=-0.00471169
INTRA_PAIR: 10 16 xs=0,8 r=7.38025 raw=-0.00442982 curled=-0.00442982
INTRA_PAIR: 13 16 xs=8,8 r=7.99522 raw=-0.00272935 curled=-0.00272935
INTRA_PAIR: 15 21 xs=1,0 r=4.39778 raw=-0.00979362 curled=-0.00979362
INTRA_PAIR: 15 22 xs=1,0 r=4.94545 raw=-0.00236909 curled=-0.00236909
INTRA_PAIR: 15 24 xs=1,0 r=4.50346 raw=-0.0063399 curled=-0.0063399
INTRA_PAIR: 15 25 xs=1,0 r=5.50139 raw=-0.00338273 curled=-0.00338273
INTRA_PAIR: 15 26 xs=1,0 r=5.67724 raw=-0.00376288 curled=-0.00376288
INTRA_PAIR: 16 20 xs=8,0 r=3.32999 raw=0.0351538 curled=0.0351525
INTRA_PAIR: 16 21 xs=8,0 r=4.3289 raw=-0.00568217 curled=-0.00568217
INTRA_PAIR: 16 22 xs=8,0 r=4.80527 raw=-0.00240982 curled=-0.00240982
INTRA_PAIR: 16 23 xs=8,0 r=3.50902 raw=-0.0283084 curled=-0.0283084
INTRA_PAIR: 16 24 xs=8,0 r=4.4555 raw=-0.00352772 curled=-0.00352772
INTRA_PAIR: 16 25 xs=8,0 r=5.35589 raw=-0.00349894 curled=-0.00349894
INTRA_PAIR: 16 26 xs=8,0 r=5.56838 raw=-0.00395313 curled=-0.00395313
INTRA_DEBUG: ligand 0 num_pairs=193 v[0]=1000
INTRA_PAIR: 0 12 xs=1,9 r=3.99448 raw=-0.0200575 curled=-0.0200575
INTRA_PAIR: 0 13 xs=1,8 r=3.96736 raw=-0.0216911 curled=-0.0216911
INTRA_PAIR: 0 15 xs=1,1 r=5.05009 raw=-0.00246829 curled=-0.00246829
INTRA_PAIR: 0 16 xs=1,8 r=5.2835 raw=-0.00334477 curled=-0.00334477
INTRA_PAIR: 0 17 xs=1,3 r=5.70115 raw=-0.00402001 curled=-0.00402001
INTRA_PAIR: 0 18 xs=1,1 r=6.76699 raw=-0.00515462 curled=-0.00515462
INTRA_PAIR: 0 20 xs=1,0 r=6.79744 raw=-0.00515599 curled=-0.00515599
INTRA_PAIR: 1 15 xs=8,1 r=6.50438 raw=-0.00514403 curled=-0.00514403
INTRA_PAIR: 1 16 xs=8,8 r=6.65945 raw=-0.00506941 curled=-0.00506941
INTRA_PAIR: 1 17 xs=8,3 r=7.11961 raw=-0.00468268 curled=-0.00468268
INTRA_PAIR: 2 9 xs=0,1 r=4.61948 raw=-0.00401282 curled=-0.00401282
INTRA_PAIR: 2 10 xs=0,0 r=3.51554 raw=0.00681062 curled=0.00681057
INTRA_PAIR: 2 11 xs=0,0 r=4.4876 raw=-0.0351988 curled=-0.0351988
INTRA_PAIR: 2 12 xs=0,9 r=5.20355 raw=-0.00316802 curled=-0.00316802
INTRA_PAIR: 2 13 xs=0,8 r=5.24131 raw=-0.00325347 curled=-0.00325347
INTRA_PAIR: 2 15 xs=0,1 r=4.70182 raw=-0.00308866 curled=-0.00308866
INTRA_PAIR: 2 16 xs=0,8 r=4.84587 raw=-0.00246096 curled=-0.00246096
INTRA_PAIR: 2 17 xs=0,3 r=5.61433 raw=-0.00383914 curled=-0.00383914
INTRA_PAIR: 2 18 xs=0,1 r=6.76971 raw=-0.00515481 curled=-0.00515481
INTRA_PAIR: 2 20 xs=0,0 r=6.94141 raw=-0.00513058 curled=-0.00513058
INTRA_PAIR: 2 23 xs=0,0 r=7.98745 raw=-0.0036246 curled=-0.0036246
INTRA_PAIR: 3 8 xs=0,1 r=4.78859 raw=-0.00259226 curled=-0.00259226
INTRA_PAIR: 3 9 xs=0,1 r=5.72169 raw=-0.0038548 curled=-0.0038548
INTRA_PAIR: 3 10 xs=0,0 r=4.51947 raw=-0.0332891 curled=-0.0332891
INTRA_PAIR: 3 11 xs=0,0 r=5.82127 raw=-0.00405856 curled=-0.00405856
INTRA_PAIR: 3 12 xs=0,9 r=6.1299 raw=-0.00487909 curled=-0.00487909
INTRA_PAIR: 3 13 xs=0,8 r=6.37047 raw=-0.00508832 curled=-0.00508832
INTRA_PAIR: 3 16 xs=0,8 r=3.7739 raw=-0.03227 curled=-0.03227
INTRA_PAIR: 3 17 xs=0,3 r=4.56062 raw=-0.00348373 curled=-0.00348373
INTRA_PAIR: 3 18 xs=0,1 r=5.78142 raw=-0.00397751 curled=-0.00397751
INTRA_PAIR: 3 20 xs=0,0 r=6.14135 raw=-0.00462444 curled=-0.00462444
INTRA_PAIR: 3 21 xs=0,0 r=7.51395 raw=-0.00453979 curled=-0.00453979
INTRA_PAIR: 3 23 xs=0,0 r=6.92693 raw=-0.00513523 curled=-0.00513523
INTRA_PAIR: 4 8 xs=0,1 r=5.25777 raw=-0.00285147 curled=-0.00285147
INTRA_PAIR: 4 9 xs=0,1 r=5.87975 raw=-0.0041733 curled=-0.0041733
INTRA_PAIR: 4 10 xs=0,0 r=4.9549 raw=-0.0144897 curled=-0.0144897
INTRA_PAIR: 4 11 xs=0,0 r=6.51984 raw=-0.00505621 curled=-0.00505621
INTRA_PAIR: 4 12 xs=0,9 r=6.09865 raw=-0.00484293 curled=-0.00484293
INTRA_PAIR: 4 13 xs=0,8 r=6.49975 raw=-0.00514281 curled=-0.00514281
INTRA_PAIR: 4 18 xs=0,1 r=4.56323 raw=-0.00492684 curled=-0.00492684
INTRA_PAIR: 4 20 xs=0,0 r=5.01588 raw=-0.0123432 curled=-0.0123432
INTRA_PAIR: 4 21 xs=0,0 r=6.39395 raw=-0.00494842 curled=-0.00494842
INTRA_PAIR: 4 22 xs=0,0 r=7.22559 raw=-0.00492817 curled=-0.00492817
INTRA_PAIR: 4 23 xs=0,0 r=5.6848 raw=-0.00378028 curled=-0.00378028
INTRA_PAIR: 4 24 xs=0,0 r=6.91637 raw=-0.00513875 curled=-0.00513875
INTRA_PAIR: 4 25 xs=0,0 r=7.21051 raw=-0.00494379 curled=-0.00494379
INTRA_PAIR: 5 8 xs=0,1 r=6.65722 raw=-0.00513005 curled=-0.00513005
INTRA_PAIR: 5 9 xs=0,1 r=7.24376 raw=-0.00490739 curled=-0.00490739
INTRA_PAIR: 5 10 xs=0,0 r=6.23322 raw=-0.0047588 curled=-0.0047588
INTRA_PAIR: 5 11 xs=0,0 r=7.919 raw=-0.00377116 curled=-0.00377116
INTRA_PAIR: 5 12 xs=0,9 r=7.35991 raw=-0.00446247 curled=-0.00446247
INTRA_PAIR: 5 13 xs=0,8 r=7.87309 raw=-0.00343844 curled=-0.00343844
INTRA_PAIR: 5 20 xs=0,0 r=4.54026 raw=-0.0320849 curled=-0.0320849
INTRA_PAIR: 5 21 xs=0,0 r=5.90461 raw=-0.00421875 curled=-0.00421875
INTRA_PAIR: 5 22 xs=0,0 r=6.53214 raw=-0.0050645 curled=-0.0050645
INTRA_PAIR: 5 23 xs=0,0 r=4.70958 raw=-0.0237724 curled=-0.0237724
INTRA_PAIR: 5 24 xs=0,0 r=6.02056 raw=-0.00442763 curled=-0.00442763
INTRA_PAIR: 5 25 xs=0,0 r=6.93965 raw=-0.00513058 curled=-0.00513058
INTRA_PAIR: 5 26 xs=0,0 r=7.14449 raw=-0.00500509 curled=-0.00500509
INTRA_PAIR: 6 9 xs=0,1 r=3.64905 raw=-0.0142625 curled=-0.0142625
INTRA_PAIR: 6 10 xs=0,0 r=3.52497 raw=0.00211161 curled=0.0021116
INTRA_PAIR: 6 11 xs=0,0 r=4.84379 raw=-0.0184702 curled=-0.0184702
INTRA_PAIR: 6 12 xs=0,9 r=3.93582 raw=-0.0235834 curled=-0.0235834
INTRA_PAIR: 6 13 xs=0,8 r=4.16307 raw=-0.0111942 curled=-0.0111942
INTRA_PAIR: 6 15 xs=0,1 r=4.36963 raw=-0.0109709 curled=-0.0109709
INTRA_PAIR: 6 16 xs=0,8 r=4.78374 raw=-0.0023917 curled=-0.0023917
INTRA_PAIR: 6 17 xs=0,3 r=4.74206 raw=-0.00244017 curled=-0.00244017
INTRA_PAIR: 6 18 xs=0,1 r=5.74686 raw=-0.00390553 curled=-0.00390553
INTRA_PAIR: 6 20 xs=0,0 r=5.7851 raw=-0.00398298 curled=-0.00398298
INTRA_PAIR: 6 21 xs=0,0 r=7.00918 raw=-0.00509945 curled=-0.00509945
INTRA_PAIR: 6 23 xs=0,0 r=6.94984 raw=-0.00512723 curled=-0.00512723
INTRA_PAIR: 6 24 xs=0,0 r=7.98442 raw=-0.00362881 curled=-0.00362881
INTRA_PAIR: 6 25 xs=0,0 r=7.49165 raw=-0.00457644 curled=-0.00457644
INTRA_PAIR: 7 8 xs=0,1 r=4.69599 raw=-0.00314396 curled=-0.00314396
INTRA_PAIR: 7 9 xs=0,1 r=4.99404 raw=-0.00240129 curled=-0.00240129
INTRA_PAIR: 7 10 xs=0,0 r=4.54068 raw=-0.0320849 curled=-0.0320849
INTRA_PAIR: 7 11 xs=0,0 r=6.11637 raw=-0.00458897 curled=-0.00458897
INTRA_PAIR: 7 12 xs=0,9 r=5.12075 raw=-0.00298957 curled=-0.00298957
INTRA_PAIR: 7 13 xs=0,8 r=5.5416 raw=-0.00389547 curled=-0.00389547
INTRA_PAIR: 7 16 xs=0,8 r=3.6734 raw=-0.0354508 curled=-0.0354508
INTRA_PAIR: 7 17 xs=0,3 r=3.4118 raw=0.0439086 curled=0.0439067
INTRA_PAIR: 7 18 xs=0,1 r=4.52676 raw=-0.00573718 curled=-0.00573718
INTRA_PAIR: 7 20 xs=0,0 r=4.78668 raw=-0.0205588 curled=-0.0205588
INTRA_PAIR: 7 21 xs=0,0 r=6.08885 raw=-0.00454417 curled=-0.00454417
INTRA_PAIR: 7 22 xs=0,0 r=6.98156 raw=-0.00511394 curled=-0.00511394
INTRA_PAIR: 7 23 xs=0,0 r=5.68445 raw=-0.00378028 curled=-0.00378028
INTRA_PAIR: 7 24 xs=0,0 r=6.80331 raw=-0.00515598 curled=-0.00515598
INTRA_PAIR: 7 25 xs=0,0 r=6.79383 raw=-0.00515593 curled=-0.00515593
INTRA_PAIR: 8 15 xs=1,1 r=7.59304 raw=-0.00440742 curled=-0.00440742
INTRA_PAIR: 8 16 xs=1,8 r=7.89441 raw=-0.00339066 curled=-0.00339066
INTRA_PAIR: 10 15 xs=0,1 r=7.38751 raw=-0.00472947 curled=-0.00472947
INTRA_PAIR: 10 16 xs=0,8 r=7.87762 raw=-0.00342976 curled=-0.00342976
INTRA_PAIR: 10 17 xs=0,3 r=7.87926 raw=-0.0036425 curled=-0.0036425
INTRA_PAIR: 15 21 xs=1,0 r=4.4695 raw=-0.00722263 curled=-0.00722263
INTRA_PAIR: 15 22 xs=1,0 r=5.11391 raw=-0.00256678 curled=-0.00256678
INTRA_PAIR: 15 24 xs=1,0 r=4.70775 raw=-0.00303615 curled=-0.00303615
INTRA_PAIR: 15 25 xs=1,0 r=5.53638 raw=-0.00345705 curled=-0.00345705
INTRA_PAIR: 15 26 xs=1,0 r=5.93353 raw=-0.00427308 curled=-0.00427308
INTRA_PAIR: 16 20 xs=8,0 r=3.07621 raw=0.219933 curled=0.219885
INTRA_PAIR: 16 21 xs=8,0 r=4.34078 raw=-0.00543742 curled=-0.00543742
INTRA_PAIR: 16 22 xs=8,0 r=5.15087 raw=-0.0030557 curled=-0.0030557
INTRA_PAIR: 16 23 xs=8,0 r=3.95008 raw=-0.0226355 curled=-0.0226355
INTRA_PAIR: 16 24 xs=8,0 r=4.98537 raw=-0.00270452 curled=-0.00270452
INTRA_PAIR: 16 25 xs=8,0 r=5.1975 raw=-0.00315483 curled=-0.00315483
INTRA_PAIR: 16 26 xs=8,0 r=6.28623 raw=-0.00503058 curled=-0.00503058
INTRA_DEBUG: ligand 0 num_pairs=193 v[0]=1000
INTRA_PAIR: 0 12 xs=1,9 r=4.60568 raw=-0.00253336 curled=-0.00253336
INTRA_PAIR: 0 13 xs=1,8 r=3.48045 raw=-0.0219007 curled=-0.0219007
INTRA_PAIR: 0 15 xs=1,1 r=5.05115 raw=-0.00246829 curled=-0.00246829
INTRA_PAIR: 0 16 xs=1,8 r=5.85596 raw=-0.00449025 curled=-0.00449025
INTRA_PAIR: 0 17 xs=1,3 r=5.45586 raw=-0.00350149 curled=-0.00350149
INTRA_PAIR: 0 18 xs=1,1 r=6.51715 raw=-0.00505451 curled=-0.00505451
INTRA_PAIR: 0 20 xs=1,0 r=6.61052 raw=-0.00511008 curled=-0.00511008
INTRA_PAIR: 0 21 xs=1,0 r=7.92392 raw=-0.00375867 curled=-0.00375867
INTRA_PAIR: 0 23 xs=1,0 r=7.77069 raw=-0.00407301 curled=-0.00407301
INTRA_PAIR: 1 15 xs=8,1 r=6.50844 raw=-0.0051452 curled=-0.0051452
INTRA_PAIR: 1 16 xs=8,8 r=7.28984 raw=-0.00423017 curled=-0.00423017
INTRA_PAIR: 1 17 xs=8,3 r=6.84609 raw=-0.0050045 curled=-0.0050045
INTRA_PAIR: 1 18 xs=8,1 r=7.83052 raw=-0.00352959 curled=-0.00352959
INTRA_PAIR: 1 20 xs=8,0 r=7.80535 raw=-0.00358589 curled=-0.00358589
INTRA_PAIR: 2 9 xs=0,1 r=3.71718 raw=-0.0295598 curled=-0.0295598
INTRA_PAIR: 2 10 xs=0,0 r=3.45107 raw=0.0439404 curled=0.0439384
INTRA_PAIR: 2 11 xs=0,0 r=4.79318 raw=-0.0203062 curled=-0.0203062
INTRA_PAIR: 2 12 xs=0,9 r=4.79031 raw=-0.00239729 curled=-0.00239729
INTRA_PAIR: 2 13 xs=0,8 r=3.40388 raw=0.00187806 curled=0.00187806
INTRA_PAIR: 2 15 xs=0,1 r=4.79501 raw=-0.00256835 curled=-0.00256835
INTRA_PAIR: 2 16 xs=0,8 r=5.7549 raw=-0.0043114 curled=-0.0043114
INTRA_PAIR: 2 17 xs=0,3 r=5.13201 raw=-0.00279637 curled=-0.00279637
INTRA_PAIR: 2 18 xs=0,1 r=6.33676 raw=-0.00488544 curled=-0.00488544
INTRA_PAIR: 2 20 xs=0,0 r=6.71957 raw=-0.00514748 curled=-0.00514748
INTRA_PAIR: 2 23 xs=0,0 r=7.45098 raw=-0.00463784 curled=-0.00463784
INTRA_PAIR: 3 8 xs=0,1 r=4.65947 raw=-0.00350238 curled=-0.00350238
INTRA_PAIR: 3 9 xs=0,1 r=5.0423 raw=-0.00245541 curled=-0.00245541
INTRA_PAIR: 3 10 xs=0,0 r=4.46873 raw=-0.0363163 curled=-0.0363163
INTRA_PAIR: 3 11 xs=0,0 r=6.05237 raw=-0.00448489 curled=-0.00448489
INTRA_PAIR: 3 12 xs=0,9 r=6.04534 raw=-0.00477439 curled=-0.00477439
INTRA_PAIR: 3 13 xs=0,8 r=4.71169 raw=-0.00236794 curled=-0.00236794
INTRA_PAIR: 3 16 xs=0,8 r=4.66538 raw=-0.00240253 curled=-0.00240253
INTRA_PAIR: 3 17 xs=0,3 r=4.06576 raw=-0.0218534 curled=-0.0218534
INTRA_PAIR: 3 18 xs=0,1 r=5.37167 raw=-0.0030988 curled=-0.0030988
INTRA_PAIR: 3 20 xs=0,0 r=5.95826 raw=-0.00432127 curled=-0.00432127
INTRA_PAIR: 3 21 xs=0,0 r=7.34309 raw=-0.00478941 curled=-0.00478941
INTRA_PAIR: 3 23 xs=0,0 r=6.38558 raw=-0.0049385 curled=-0.0049385
INTRA_PAIR: 3 24 xs=0,0 r=7.67872 raw=-0.00425204 curled=-0.00425204
INTRA_PAIR: 4 8 xs=0,1 r=5.26203 raw=-0.00286402 curled=-0.00286402
INTRA_PAIR: 4 9 xs=0,1 r=5.95366 raw=-0.00431173 curled=-0.00431173
INTRA_PAIR: 4 10 xs=0,0 r=4.93536 raw=-0.0151488 curled=-0.0151488
INTRA_PAIR: 4 11 xs=0,0 r=6.4817 raw=-0.00502724 curled=-0.00502724
INTRA_PAIR: 4 12 xs=0,9 r=6.97091 raw=-0.0049827 curled=-0.0049827
INTRA_PAIR: 4 13 xs=0,8 r=5.78421 raw=-0.00436511 curled=-0.00436511
INTRA_PAIR: 4 18 xs=0,1 r=4.43882 raw=-0.00823409 curled=-0.00823409
INTRA_PAIR: 4 20 xs=0,0 r=4.92832 raw=-0.0153703 curled=-0.0153703
INTRA_PAIR: 4 21 xs=0,0 r=6.30221 raw=-0.00484487 curled=-0.00484487
INTRA_PAIR: 4 22 xs=0,0 r=7.10664 raw=-0.0050356 curled=-0.0050356
INTRA_PAIR: 4 23 xs=0,0 r=5.53713 raw=-0.00346321 curled=-0.00346321
INTRA_PAIR: 4 24 xs=0,0 r=6.77411 raw=-0.00515514 curled=-0.00515514
INTRA_PAIR: 4 25 xs=0,0 r=7.14791 raw=-0.00500319 curled=-0.00500319
INTRA_PAIR: 4 26 xs=0,0 r=7.99528 raw=-0.00360775 curled=-0.00360775
INTRA_PAIR: 5 8 xs=0,1 r=6.66663 raw=-0.00513336 curled=-0.00513336
INTRA_PAIR: 5 9 xs=0,1 r=7.31096 raw=-0.00482996 curled=-0.00482996
INTRA_PAIR: 5 10 xs=0,0 r=6.23069 raw=-0.00475541 curled=-0.00475541
INTRA_PAIR: 5 11 xs=0,0 r=7.89183 raw=-0.00382925 curled=-0.00382925
INTRA_PAIR: 5 13 xs=0,8 r=7.09607 raw=-0.00484792 curled=-0.00484792
INTRA_PAIR: 5 20 xs=0,0 r=4.53664 raw=-0.0322819 curled=-0.0322819
INTRA_PAIR: 5 21 xs=0,0 r=5.84781 raw=-0.00411134 curled=-0.00411134
INTRA_PAIR: 5 22 xs=0,0 r=6.43429 raw=-0.00498578 curled=-0.00498578
INTRA_PAIR: 5 23 xs=0,0 r=4.6466 raw=-0.0266199 curled=-0.0266199
INTRA_PAIR: 5 24 xs=0,0 r=5.91848 raw=-0.00424361 curled=-0.00424361
INTRA_PAIR: 5 25 xs=0,0 r=6.89015 raw=-0.00514536 curled=-0.00514536
INTRA_PAIR: 5 26 xs=0,0 r=7.0152 raw=-0.00509703 curled=-0.00509703
INTRA_PAIR: 6 9 xs=0,1 r=4.70888 raw=-0.00303615 curled=-0.00303615
INTRA_PAIR: 6 10 xs=0,0 r=3.53352 raw=-0.00243723 curled=-0.00243723
INTRA_PAIR: 6 11 xs=0,0 r=4.45036 raw=-0.037713 curled=-0.037713
INTRA_PAIR: 6 12 xs=0,9 r=5.77538 raw=-0.00435061 curled=-0.00435061
INTRA_PAIR: 6 13 xs=0,8 r=4.84557 raw=-0.00246096 curled=-0.00246096
INTRA_PAIR: 6 15 xs=0,1 r=4.26794 raw=-0.0159343 curled=-0.0159343
INTRA_PAIR: 6 16 xs=0,8 r=4.88089 raw=-0.00251394 curled=-0.00251394
INTRA_PAIR: 6 17 xs=0,3 r=4.81094 raw=-0.00236836 curled=-0.00236836
INTRA_PAIR: 6 18 xs=0,1 r=5.76241 raw=-0.00393895 curled=-0.00393895
INTRA_PAIR: 6 20 xs=0,0 r=5.68525 raw=-0.00378028 curled=-0.00378028
INTRA_PAIR: 6 21 xs=0,0 r=6.9554 raw=-0.00512459 curled=-0.00512459
INTRA_PAIR: 6 23 xs=0,0 r=7.08202 raw=-0.00505521 curled=-0.00505521
INTRA_PAIR: 6 25 xs=0,0 r=7.34439 raw=-0.00478664 curled=-0.00478664
INTRA_PAIR: 7 8 xs=0,1 r=4.83135 raw=-0.0024651 curled=-0.0024651
INTRA_PAIR: 7 9 xs=0,1 r=5.82376 raw=-0.00406388 curled=-0.00406388
INTRA_PAIR: 7 10 xs=0,0 r=4.54625 raw=-0.0316952 curled=-0.0316952
INTRA_PAIR: 7 11 xs=0,0 r=5.80496 raw=-0.00402641 curled=-0.00402641
INTRA_PAIR: 7 12 xs=0,9 r=6.86366 raw=-0.00506719 curled=-0.00506719
INTRA_PAIR: 7 13 xs=0,8 r=5.84738 raw=-0.00447682 curled=-0.00447682
INTRA_PAIR: 7 16 xs=0,8 r=3.51226 raw=-0.0283084 curled=-0.0283084
INTRA_PAIR: 7 17 xs=0,3 r=3.63233 raw=-0.0317406 curled=-0.0317406
INTRA_PAIR: 7 18 xs=0,1 r=4.66465 raw=-0.00342997 curled=-0.00342997
INTRA_PAIR: 7 20 xs=0,0 r=4.75231 raw=-0.0219871 curled=-0.0219871
INTRA_PAIR: 7 21 xs=0,0 r=6.06702 raw=-0.00450635 curled=-0.00450635
INTRA_PAIR: 7 22 xs=0,0 r=7.07965 raw=-0.00505677 curled=-0.00505677
INTRA_PAIR: 7 23 xs=0,0 r=5.93314 raw=-0.00427308 curled=-0.00427308
INTRA_PAIR: 7 24 xs=0,0 r=7.0168 raw=-0.00509581 curled=-0.00509581
INTRA_PAIR: 7 25 xs=0,0 r=6.6472 raw=-0.00512559 curled=-0.00512559
INTRA_PAIR: 8 15 xs=1,1 r=7.33517 raw=-0.00480041 curled=-0.00480041
INTRA_PAIR: 8 17 xs=1,3 r=7.44068 raw=-0.00449568 curled=-0.00449568
INTRA_PAIR: 10 15 xs=0,1 r=6.65889 raw=-0.00513005 curled=-0.00513005
INTRA_PAIR: 10 16 xs=0,8 r=7.58664 raw=-0.00404357 curled=-0.00404357
INTRA_PAIR: 10 17 xs=0,3 r=6.52796 raw=-0.00511782 curled=-0.00511782
INTRA_PAIR: 10 18 xs=0,1 r=7.23527 raw=-0.00491672 curled=-0.00491672
INTRA_PAIR: 10 20 xs=0,0 r=7.09369 raw=-0.00504561 curled=-0.00504561
INTRA_PAIR: 15 21 xs=1,0 r=4.37406 raw=-0.0106662 curled=-0.0106662
INTRA_PAIR: 15 22 xs=1,0 r=4.94879 raw=-0.00237012 curled=-0.00237012
INTRA_PAIR: 15 24 xs=1,0 r=4.53178 raw=-0.00557777 curled=-0.00557777
INTRA_PAIR: 15 25 xs=1,0 r=5.46051 raw=-0.00329513 curled=-0.00329513
INTRA_PAIR: 15 26 xs=1,0 r=5.72248 raw=-0.0038548 curled=-0.0038548
INTRA_PAIR: 16 20 xs=8,0 r=3.25666 raw=0.0761904 curled=0.0761846
INTRA_PAIR: 16 21 xs=8,0 r=4.27579 raw=-0.00701238 curled=-0.00701238
INTRA_PAIR: 16 22 xs=8,0 r=4.81023 raw=-0.0024167 curled=-0.0024167
INTRA_PAIR: 16 23 xs=8,0 r=3.57955 raw=-0.0357717 curled=-0.0357717
INTRA_PAIR: 16 24 xs=8,0 r=4.51404 raw=-0.00298443 curled=-0.00298443
INTRA_PAIR: 16 25 xs=8,0 r=5.2645 raw=-0.00329923 curled=-0.00329923
INTRA_PAIR: 16 26 xs=8,0 r=5.66363 raw=-0.00414135 curled=-0.00414135
INTRA_DEBUG: ligand 0 num_pairs=193 v[0]=1000
INTRA_PAIR: 0 12 xs=1,9 r=4.67552 raw=-0.00239094 curled=-0.00239094
INTRA_PAIR: 0 13 xs=1,8 r=3.52411 raw=-0.0304623 curled=-0.0304623
INTRA_PAIR: 0 15 xs=1,1 r=5.05021 raw=-0.00246829 curled=-0.00246829
INTRA_PAIR: 0 16 xs=1,8 r=5.96487 raw=-0.0046612 curled=-0.0046612
INTRA_PAIR: 0 17 xs=1,3 r=5.30588 raw=-0.00317045 curled=-0.00317045
INTRA_PAIR: 0 18 xs=1,1 r=6.36755 raw=-0.00492059 curled=-0.00492059
INTRA_PAIR: 0 20 xs=1,0 r=7.61258 raw=-0.00437122 curled=-0.00437122
INTRA_PAIR: 0 23 xs=1,0 r=6.38714 raw=-0.004941 curled=-0.004941
INTRA_PAIR: 0 24 xs=1,0 r=7.60778 raw=-0.0043785 curled=-0.0043785
INTRA_PAIR: 1 15 xs=8,1 r=6.50869 raw=-0.0051452 curled=-0.0051452
INTRA_PAIR: 1 16 xs=8,8 r=7.40489 raw=-0.00400625 curled=-0.00400625
INTRA_PAIR: 1 17 xs=8,3 r=6.69291 raw=-0.00510818 curled=-0.00510818
INTRA_PAIR: 1 18 xs=8,1 r=7.67137 raw=-0.00386852 curled=-0.00386852
INTRA_PAIR: 1 23 xs=8,0 r=7.55041 raw=-0.00411288 curled=-0.00411288
INTRA_PAIR: 2 9 xs=0,1 r=3.84057 raw=-0.0359433 curled=-0.0359433
INTRA_PAIR: 2 10 xs=0,0 r=3.48437 raw=0.0244451 curled=0.0244445
INTRA_PAIR: 2 11 xs=0,0 r=4.81321 raw=-0.0195599 curled=-0.0195599
INTRA_PAIR: 2 12 xs=0,9 r=4.97082 raw=-0.00267362 curled=-0.00267362
INTRA_PAIR: 2 13 xs=0,8 r=3.49218 raw=-0.0248852 curled=-0.0248852
INTRA_PAIR: 2 15 xs=0,1 r=4.86522 raw=-0.00240252 curled=-0.00240252
INTRA_PAIR: 2 16 xs=0,8 r=5.83294 raw=-0.00444961 curled=-0.00444961
INTRA_PAIR: 2 17 xs=0,3 r=5.21497 raw=-0.00297596 curled=-0.00297596
INTRA_PAIR: 2 18 xs=0,1 r=6.44972 raw=-0.00500096 curled=-0.00500096
INTRA_PAIR: 2 20 xs=0,0 r=7.56386 raw=-0.00445717 curled=-0.00445717
INTRA_PAIR: 2 23 xs=0,0 r=6.76058 raw=-0.00515398 curled=-0.00515398
INTRA_PAIR: 3 8 xs=0,1 r=4.69679 raw=-0.00314396 curled=-0.00314396
INTRA_PAIR: 3 9 xs=0,1 r=5.16629 raw=-0.00266833 curled=-0.00266833
INTRA_PAIR: 3 10 xs=0,0 r=4.48845 raw=-0.0351988 curled=-0.0351988
INTRA_PAIR: 3 11 xs=0,0 r=6.05064 raw=-0.00448056 curled=-0.00448056
INTRA_PAIR: 3 12 xs=0,9 r=6.24093 raw=-0.00499274 curled=-0.00499274
INTRA_PAIR: 3 13 xs=0,8 r=4.80609 raw=-0.00241321 curled=-0.00241321
INTRA_PAIR: 3 16 xs=0,8 r=4.71808 raw=-0.00236667 curled=-0.00236667
INTRA_PAIR: 3 17 xs=0,3 r=4.2306 raw=-0.0127018 curled=-0.0127018
INTRA_PAIR: 3 18 xs=0,1 r=5.55933 raw=-0.00350616 curled=-0.00350616
INTRA_PAIR: 3 20 xs=0,0 r=6.58445 raw=-0.00509664 curled=-0.00509664
INTRA_PAIR: 3 21 xs=0,0 r=7.85554 raw=-0.00390335 curled=-0.00390335
INTRA_PAIR: 3 23 xs=0,0 r=6.08919 raw=-0.00454417 curled=-0.00454417
INTRA_PAIR: 3 24 xs=0,0 r=7.42998 raw=-0.00466913 curled=-0.00466913
INTRA_PAIR: 4 8 xs=0,1 r=5.26533 raw=-0.00287031 curled=-0.00287031
INTRA_PAIR: 4 9 xs=0,1 r=6.03803 raw=-0.00445873 curled=-0.00445873
INTRA_PAIR: 4 10 xs=0,0 r=4.91704 raw=-0.0158163 curled=-0.0158163
INTRA_PAIR: 4 11 xs=0,0 r=6.42897 raw=-0.00498132 curled=-0.00498132
INTRA_PAIR: 4 12 xs=0,9 r=7.10945 raw=-0.00483185 curled=-0.00483185
INTRA_PAIR: 4 13 xs=0,8 r=5.86086 raw=-0.00449913 curled=-0.00449913
INTRA_PAIR: 4 18 xs=0,1 r=4.36268 raw=-0.0111258 curled=-0.0111258
INTRA_PAIR: 4 20 xs=0,0 r=5.48198 raw=-0.00333904 curled=-0.00333904
INTRA_PAIR: 4 21 xs=0,0 r=6.73007 raw=-0.00514974 curled=-0.00514974
INTRA_PAIR: 4 22 xs=0,0 r=7.03672 raw=-0.00508426 curled=-0.00508426
INTRA_PAIR: 4 23 xs=0,0 r=4.84588 raw=-0.0183511 curled=-0.0183511
INTRA_PAIR: 4 24 xs=0,0 r=6.20749 raw=-0.00472433 curled=-0.00472433
INTRA_PAIR: 4 25 xs=0,0 r=7.96882 raw=-0.00366244 curled=-0.00366244
INTRA_PAIR: 4 26 xs=0,0 r=7.03331 raw=-0.00508691 curled=-0.00508691
INTRA_PAIR: 5 8 xs=0,1 r=6.67106 raw=-0.00513492 curled=-0.00513492
INTRA_PAIR: 5 9 xs=0,1 r=7.40413 raw=-0.0047057 curled=-0.0047057
INTRA_PAIR: 5 10 xs=0,0 r=6.21229 raw=-0.00472784 curled=-0.00472784
INTRA_PAIR: 5 11 xs=0,0 r=7.83522 raw=-0.00394419 curled=-0.00394419
INTRA_PAIR: 5 13 xs=0,8 r=7.18041 raw=-0.00474064 curled=-0.00474064
INTRA_PAIR: 5 20 xs=0,0 r=4.68683 raw=-0.0247852 curled=-0.0247852
INTRA_PAIR: 5 21 xs=0,0 r=6.0189 raw=-0.00442763 curled=-0.00442763
INTRA_PAIR: 5 22 xs=0,0 r=6.53462 raw=-0.00506611 curled=-0.00506611
INTRA_PAIR: 5 23 xs=0,0 r=4.56745 raw=-0.0305593 curled=-0.0305593
INTRA_PAIR: 5 24 xs=0,0 r=5.91104 raw=-0.0042337 curled=-0.0042337
INTRA_PAIR: 5 25 xs=0,0 r=7.13844 raw=-0.0050107 curled=-0.0050107
INTRA_PAIR: 5 26 xs=0,0 r=6.94955 raw=-0.00512723 curled=-0.00512723
INTRA_PAIR: 6 9 xs=0,1 r=4.71666 raw=-0.00298635 curled=-0.00298635
INTRA_PAIR: 6 10 xs=0,0 r=3.47099 raw=0.0325713 curled=0.0325703
INTRA_PAIR: 6 11 xs=0,0 r=4.34506 raw=-0.0453704 curled=-0.0453704
INTRA_PAIR: 6 12 xs=0,9 r=5.79126 raw=-0.00437949 curled=-0.00437949
INTRA_PAIR: 6 13 xs=0,8 r=4.87612 raw=-0.00250377 curled=-0.00250377
INTRA_PAIR: 6 15 xs=0,1 r=4.18527 raw=-0.0205884 curled=-0.0205884
INTRA_PAIR: 6 16 xs=0,8 r=5.00779 raw=-0.00274854 curled=-0.00274854
INTRA_PAIR: 6 17 xs=0,3 r=4.42334 raw=-0.00576662 curled=-0.00576662
INTRA_PAIR: 6 18 xs=0,1 r=5.33936 raw=-0.00302876 curled=-0.00302876
INTRA_PAIR: 6 20 xs=0,0 r=6.6691 raw=-0.00513415 curled=-0.00513415
INTRA_PAIR: 6 21 xs=0,0 r=7.65556 raw=-0.00429356 curled=-0.00429356
INTRA_PAIR: 6 22 xs=0,0 r=7.53762 raw=-0.00449892 curled=-0.00449892
INTRA_PAIR: 6 23 xs=0,0 r=5.19547 raw=-0.00641653 curled=-0.00641653
INTRA_PAIR: 6 24 xs=0,0 r=6.39919 raw=-0.0049533 curled=-0.0049533
INTRA_PAIR: 6 26 xs=0,0 r=6.73829 raw=-0.00515093 curled=-0.00515093
INTRA_PAIR: 7 8 xs=0,1 r=4.80014 raw=-0.00254612 curled=-0.00254612
INTRA_PAIR: 7 9 xs=0,1 r=5.85945 raw=-0.00413216 curled=-0.00413216
INTRA_PAIR: 7 10 xs=0,0 r=4.49213 raw=-0.0349802 curled=-0.0349802
INTRA_PAIR: 7 11 xs=0,0 r=5.70622 raw=-0.00382058 curled=-0.00382058
INTRA_PAIR: 7 12 xs=0,9 r=6.92489 raw=-0.00502178 curled=-0.00502178
INTRA_PAIR: 7 13 xs=0,8 r=5.89788 raw=-0.00455976 curled=-0.00455976
INTRA_PAIR: 7 16 xs=0,8 r=3.62936 raw=-0.0360241 curled=-0.0360241
INTRA_PAIR: 7 17 xs=0,3 r=3.18711 raw=0.206348 curled=0.206305
INTRA_PAIR: 7 18 xs=0,1 r=4.20889 raw=-0.0192718 curled=-0.0192718
INTRA_PAIR: 7 20 xs=0,0 r=5.51955 raw=-0.00341998 curled=-0.00341998
INTRA_PAIR: 7 21 xs=0,0 r=6.60133 raw=-0.00510539 curled=-0.00510539
INTRA_PAIR: 7 22 xs=0,0 r=6.63035 raw=-0.00511876 curled=-0.00511876
INTRA_PAIR: 7 23 xs=0,0 r=4.2814 raw=-0.0502192 curled=-0.0502192
INTRA_PAIR: 7 24 xs=0,0 r=5.59272 raw=-0.00357909 curled=-0.00357909
INTRA_PAIR: 7 25 xs=0,0 r=7.97579 raw=-0.00364984 curled=-0.00364984
INTRA_PAIR: 7 26 xs=0,0 r=6.1703 raw=-0.00467006 curled=-0.00467006
INTRA_PAIR: 8 15 xs=1,1 r=7.39983 raw=-0.00471169 curled=-0.00471169
INTRA_PAIR: 8 17 xs=1,3 r=7.35501 raw=-0.00463023 curled=-0.00463023
INTRA_PAIR: 10 15 xs=0,1 r=6.79131 raw=-0.00515588 curled=-0.00515588
INTRA_PAIR: 10 16 xs=0,8 r=7.88158 raw=-0.00342107 curled=-0.00342107
INTRA_PAIR: 10 17 xs=0,3 r=6.50202 raw=-0.00510531 curled=-0.00510531
INTRA_PAIR: 10 18 xs=0,1 r=7.29675 raw=-0.00484821 curled=-0.00484821
INTRA_PAIR: 10 23 xs=0,0 r=7.163 raw=-0.00498965 curled=-0.00498965
INTRA_PAIR: 15 21 xs=1,0 r=4.66497 raw=-0.00342997 curled=-0.00342997
INTRA_PAIR: 15 22 xs=1,0 r=5.11844 raw=-0.00257758 curled=-0.00257758
INTRA_PAIR: 15 24 xs=1,0 r=4.5229 raw=-0.00581897 curled=-0.00581897
INTRA_PAIR: 15 25 xs=1,0 r=5.85799 raw=-0.00413216 curled=-0.00413216
INTRA_PAIR: 15 26 xs=1,0 r=5.62289 raw=-0.00364511 curled=-0.00364511
INTRA_PAIR: 16 20 xs=8,0 r=3.61082 raw=-0.036111 curled=-0.036111
INTRA_PAIR: 16 21 xs=8,0 r=4.74619 raw=-0.00236911 curled=-0.00236911
INTRA_PAIR: 16 22 xs=8,0 r=5.17498 raw=-0.00310199 curled=-0.00310199
INTRA_PAIR: 16 23 xs=8,0 r=3.49253 raw=-0.0248852 curled=-0.0248852
INTRA_PAIR: 16 24 xs=8,0 r=4.64335 raw=-0.00244 curled=-0.00244
INTRA_PAIR: 16 25 xs=8,0 r=5.87291 raw=-0.00451673 curled=-0.00451673
INTRA_PAIR: 16 26 xs=8,0 r=5.70073 raw=-0.0042099 curled=-0.0042099
INTRA_DEBUG: ligand 0 num_pairs=193 v[0]=1000
INTRA_PAIR: 0 12 xs=1,9 r=4.21945 raw=-0.00894705 curled=-0.00894705
INTRA_PAIR: 0 13 xs=1,8 r=4.6027 raw=-0.00254424 curled=-0.00254424
INTRA_PAIR: 0 15 xs=1,1 r=5.05004 raw=-0.00246829 curled=-0.00246829
INTRA_PAIR: 0 16 xs=1,8 r=5.83163 raw=-0.00444961 curled=-0.00444961
INTRA_PAIR: 0 17 xs=1,3 r=5.4839 raw=-0.00356349 curled=-0.00356349
INTRA_PAIR: 0 18 xs=1,1 r=6.5446 raw=-0.00507242 curled=-0.00507242
INTRA_PAIR: 0 20 xs=1,0 r=6.5766 raw=-0.00509267 curled=-0.00509267
INTRA_PAIR: 0 21 xs=1,0 r=7.87104 raw=-0.0038705 curled=-0.0038705
INTRA_PAIR: 0 23 xs=1,0 r=7.82017 raw=-0.00397667 curled=-0.00397667
INTRA_PAIR: 1 15 xs=8,1 r=6.50425 raw=-0.00514403 curled=-0.00514403
INTRA_PAIR: 1 16 xs=8,8 r=7.26321 raw=-0.00427823 curled=-0.00427823
INTRA_PAIR: 1 17 xs=8,3 r=6.86813 raw=-0.0049842 curled=-0.0049842
INTRA_PAIR: 1 18 xs=8,1 r=7.85132 raw=-0.00348621 curled=-0.00348621
INTRA_PAIR: 1 20 xs=8,0 r=7.74293 raw=-0.00371948 curled=-0.00371948
INTRA_PAIR: 2 9 xs=0,1 r=4.73293 raw=-0.00287308 curled=-0.00287308
INTRA_PAIR: 2 10 xs=0,0 r=3.68446 raw=-0.0581203 curled=-0.0581203
INTRA_PAIR: 2 11 xs=0,0 r=3.61984 raw=-0.039745 curled=-0.039745
INTRA_PAIR: 2 12 xs=0,9 r=5.18493 raw=-0.00312842 curled=-0.00312842
INTRA_PAIR: 2 13 xs=0,8 r=5.6295 raw=-0.00407636 curled=-0.00407636
INTRA_PAIR: 2 15 xs=0,1 r=4.69932 raw=-0.00311595 curled=-0.00311595
INTRA_PAIR: 2 16 xs=0,8 r=5.68086 raw=-0.00417324 curled=-0.00417324
INTRA_PAIR: 2 17 xs=0,3 r=4.96758 raw=-0.00249153 curled=-0.00249153
INTRA_PAIR: 2 18 xs=0,1 r=6.13291 raw=-0.00461274 curled=-0.00461274
INTRA_PAIR: 2 20 xs=0,0 r=6.39742 raw=-0.00495087 curled=-0.00495087
INTRA_PAIR: 2 21 xs=0,0 r=7.75349 raw=-0.00410866 curled=-0.00410866
INTRA_PAIR: 2 23 xs=0,0 r=7.31944 raw=-0.00481934 curled=-0.00481934
INTRA_PAIR: 3 8 xs=0,1 r=4.6612 raw=-0.00346575 curled=-0.00346575
INTRA_PAIR: 3 9 xs=0,1 r=6.01296 raw=-0.00441412 curled=-0.00441412
INTRA_PAIR: 3 10 xs=0,0 r=5.00284 raw=-0.0128733 curled=-0.0128733
INTRA_PAIR: 3 11 xs=0,0 r=4.63616 raw=-0.0271001 curled=-0.0271001
INTRA_PAIR: 3 12 xs=0,9 r=6.50158 raw=-0.00514343 curled=-0.00514343
INTRA_PAIR: 3 13 xs=0,8 r=6.82293 raw=-0.00509256 curled=-0.00509256
INTRA_PAIR: 3 16 xs=0,8 r=4.58377 raw=-0.0026054 curled=-0.0026054
INTRA_PAIR: 3 17 xs=0,3 r=3.84579 raw=-0.0333186 curled=-0.0333186
INTRA_PAIR: 3 18 xs=0,1 r=5.12096 raw=-0.00258304 curled=-0.00258304
INTRA_PAIR: 3 20 xs=0,0 r=5.62247 raw=-0.00364511 curled=-0.00364511
INTRA_PAIR: 3 21 xs=0,0 r=7.00701 raw=-0.00510063 curled=-0.00510063
INTRA_PAIR: 3 22 xs=0,0 r=7.81907 raw=-0.00397667 curled=-0.00397667
INTRA_PAIR: 3 23 xs=0,0 r=6.20046 raw=-0.00471372 curled=-0.00471372
INTRA_PAIR: 3 24 xs=0,0 r=7.4638 raw=-0.00461872 curled=-0.00461872
INTRA_PAIR: 3 25 xs=0,0 r=7.83117 raw=-0.00395232 curled=-0.00395232
INTRA_PAIR: 4 8 xs=0,1 r=5.26218 raw=-0.00286402 curled=-0.00286402
INTRA_PAIR: 4 9 xs=0,1 r=6.47263 raw=-0.00501941 curled=-0.00501941
INTRA_PAIR: 4 10 xs=0,0 r=5.92153 raw=-0.00425348 curled=-0.00425348
INTRA_PAIR: 4 11 xs=0,0 r=5.071 raw=-0.0105677 curled=-0.0105677
INTRA_PAIR: 4 12 xs=0,9 r=6.99003 raw=-0.00496367 curled=-0.00496367
INTRA_PAIR: 4 13 xs=0,8 r=7.15566 raw=-0.00477301 curled=-0.00477301
INTRA_PAIR: 4 18 xs=0,1 r=4.45551 raw=-0.00765585 curled=-0.00765585
INTRA_PAIR: 4 20 xs=0,0 r=4.94759 raw=-0.0147085 curled=-0.0147085
INTRA_PAIR: 4 21 xs=0,0 r=6.30552 raw=-0.00485084 curled=-0.00485084
INTRA_PAIR: 4 22 xs=0,0 r=7.09619 raw=-0.00504397 curled=-0.00504397
INTRA_PAIR: 4 23 xs=0,0 r=5.53371 raw=-0.00345089 curled=-0.00345089
INTRA_PAIR: 4 24 xs=0,0 r=6.76041 raw=-0.00515398 curled=-0.00515398
INTRA_PAIR: 4 25 xs=0,0 r=7.15429 raw=-0.00499745 curled=-0.00499745
INTRA_PAIR: 4 26 xs=0,0 r=7.97143 raw=-0.00365824 curled=-0.00365824
INTRA_PAIR: 5 8 xs=0,1 r=6.66684 raw=-0.00513336 curled=-0.00513336
INTRA_PAIR: 5 9 xs=0,1 r=7.88993 raw=-0.00382925 curled=-0.00382925
INTRA_PAIR: 5 10 xs=0,0 r=7.27379 raw=-0.00487352 curled=-0.00487352
INTRA_PAIR: 5 11 xs=0,0 r=6.36652 raw=-0.00492059 curled=-0.00492059
INTRA_PAIR: 5 20 xs=0,0 r=4.58895 raw=-0.0294711 curled=-0.0294711
INTRA_PAIR: 5 21 xs=0,0 r=5.88594 raw=-0.00418348 curled=-0.00418348
INTRA_PAIR: 5 22 xs=0,0 r=6.42995 raw=-0.00498356 curled=-0.00498356
INTRA_PAIR: 5 23 xs=0,0 r=4.59267 raw=-0.0292942 curled=-0.0292942
INTRA_PAIR: 5 24 xs=0,0 r=5.87374 raw=-0.00416308 curled=-0.00416308
INTRA_PAIR: 5 25 xs=0,0 r=6.95911 raw=-0.00512368 curled=-0.00512368
INTRA_PAIR: 5 26 xs=0,0 r=6.93849 raw=-0.00513139 curled=-0.00513139
INTRA_PAIR: 6 9 xs=0,1 r=4.45619 raw=-0.00765585 curled=-0.00765585
INTRA_PAIR: 6 10 xs=0,0 r=4.70318 raw=-0.0240578 curled=-0.0240578
INTRA_PAIR: 6 11 xs=0,0 r=3.60533 raw=-0.0334647 curled=-0.0334647
INTRA_PAIR: 6 12 xs=0,9 r=4.93881 raw=-0.00261357 curled=-0.00261357
INTRA_PAIR: 6 13 xs=0,8 r=5.07889 raw=-0.00289735 curled=-0.00289735
INTRA_PAIR: 6 15 xs=0,1 r=4.37227 raw=-0.0108177 curled=-0.0108177
INTRA_PAIR: 6 16 xs=0,8 r=4.91906 raw=-0.00257895 curled=-0.00257895
INTRA_PAIR: 6 17 xs=0,3 r=5.03482 raw=-0.00260825 curled=-0.00260825
INTRA_PAIR: 6 18 xs=0,1 r=6.03244 raw=-0.00444991 curled=-0.00444991
INTRA_PAIR: 6 20 xs=0,0 r=6.00158 raw=-0.00439594 curled=-0.00439594
INTRA_PAIR: 6 21 xs=0,0 r=7.24455 raw=-0.00490739 curled=-0.00490739
INTRA_PAIR: 6 23 xs=0,0 r=7.298 raw=-0.00484563 curled=-0.00484563
INTRA_PAIR: 6 25 xs=0,0 r=7.65584 raw=-0.00429356 curled=-0.00429356
INTRA_PAIR: 7 8 xs=0,1 r=4.82991 raw=-0.0024651 curled=-0.0024651
INTRA_PAIR: 7 9 xs=0,1 r=5.81772 raw=-0.00405322 curled=-0.00405322
INTRA_PAIR: 7 10 xs=0,0 r=5.80558 raw=-0.00402641 curled=-0.00402641
INTRA_PAIR: 7 11 xs=0,0 r=4.63912 raw=-0.026939 curled=-0.026939
INTRA_PAIR: 7 12 xs=0,9 r=6.32757 raw=-0.00506169 curled=-0.00506169
INTRA_PAIR: 7 13 xs=0,8 r=6.3974 raw=-0.00510316 curled=-0.00510316
INTRA_PAIR: 7 16 xs=0,8 r=3.57719 raw=-0.035592 curled=-0.035592
INTRA_PAIR: 7 17 xs=0,3 r=3.91084 raw=-0.0305063 curled=-0.0305063
INTRA_PAIR: 7 18 xs=0,1 r=4.98205 raw=-0.00239037 curled=-0.00239037
INTRA_PAIR: 7 20 xs=0,0 r=5.15537 raw=-0.00771609 curled=-0.00771609
INTRA_PAIR: 7 21 xs=0,0 r=6.42861 raw=-0.00498132 curled=-0.00498132
INTRA_PAIR: 7 22 xs=0,0 r=7.36466 raw=-0.00476132 curled=-0.00476132
INTRA_PAIR: 7 23 xs=0,0 r=6.1551 raw=-0.00464749 curled=-0.00464749
INTRA_PAIR: 7 24 xs=0,0 r=7.24132 raw=-0.00491207 curled=-0.00491207
INTRA_PAIR: 7 25 xs=0,0 r=7.05062 raw=-0.00507603 curled=-0.00507603
INTRA_PAIR: 8 15 xs=1,1 r=7.27138 raw=-0.00487847 curled=-0.00487847
INTRA_PAIR: 8 17 xs=1,3 r=7.42261 raw=-0.00452344 curled=-0.00452344
INTRA_PAIR: 8 20 xs=1,0 r=7.9523 raw=-0.00370018 curled=-0.00370018
INTRA_PAIR: 10 15 xs=0,1 r=7.98853 raw=-0.00362039 curled=-0.00362039
INTRA_PAIR: 10 17 xs=0,3 r=7.99436 raw=-0.00339 curled=-0.00339
INTRA_PAIR: 11 15 xs=0,1 r=6.6577 raw=-0.00513005 curled=-0.00513005
INTRA_PAIR: 11 16 xs=0,8 r=7.44201 raw=-0.00431766 curled=-0.00431766
INTRA_PAIR: 11 17 xs=0,3 r=6.63058 raw=-0.00514963 curled=-0.00514963
INTRA_PAIR: 11 18 xs=0,1 r=7.24963 raw=-0.00490266 curled=-0.00490266
INTRA_PAIR: 11 20 xs=0,0 r=6.78168 raw=-0.00515554 curled=-0.00515554
INTRA_PAIR: 11 21 xs=0,0 r=7.82718 raw=-0.00396045 curled=-0.00396045
INTRA_PAIR: 11 25 xs=0,0 r=7.79514 raw=-0.00402506 curled=-0.00402506
INTRA_PAIR: 15 21 xs=1,0 r=4.44074 raw=-0.00811513 curled=-0.00811513
INTRA_PAIR: 15 22 xs=1,0 r=4.94154 raw=-0.00236821 curled=-0.00236821
INTRA_PAIR: 15 24 xs=1,0 r=4.45492 raw=-0.00765585 curled=-0.00765585
INTRA_PAIR: 15 25 xs=1,0 r=5.57415 raw=-0.00354274 curled=-0.00354274
INTRA_PAIR: 15 26 xs=1,0 r=5.59863 raw=-0.00359718 curled=-0.00359718
INTRA_PAIR: 16 20 xs=8,0 r=3.45441 raw=-0.0148492 curled=-0.0148492
INTRA_PAIR: 16 21 xs=8,0 r=4.42241 raw=-0.0039711 curled=-0.0039711
INTRA_PAIR: 16 22 xs=8,0 r=4.80069 raw=-0.00240652 curled=-0.00240652
INTRA_PAIR: 16 23 xs=8,0 r=3.38509 raw=0.00919512 curled=0.00919503
INTRA_PAIR: 16 24 xs=8,0 r=4.35574 raw=-0.00505889 curled=-0.00505889
INTRA_PAIR: 16 25 xs=8,0 r=5.51371 raw=-0.00383683 curled=-0.00383683
INTRA_PAIR: 16 26 xs=8,0 r=5.40333 raw=-0.00360591 curled=-0.00360591
INTRA_DEBUG: ligand 0 num_pairs=193 v[0]=1000
INTRA_PAIR: 0 12 xs=1,9 r=4.30981 raw=-0.00612079 curled=-0.00612079
INTRA_PAIR: 0 13 xs=1,8 r=4.52937 raw=-0.00288895 curled=-0.00288895
INTRA_PAIR: 0 15 xs=1,1 r=5.02096 raw=-0.00242782 curled=-0.00242782
INTRA_PAIR: 0 16 xs=1,8 r=5.89271 raw=-0.00455127 curled=-0.00455127
INTRA_PAIR: 0 17 xs=1,3 r=5.3224 raw=-0.00320921 curled=-0.00320921
INTRA_PAIR: 0 18 xs=1,1 r=6.36959 raw=-0.00492319 curled=-0.00492319
INTRA_PAIR: 0 20 xs=1,0 r=7.64296 raw=-0.00431597 curled=-0.00431597
INTRA_PAIR: 0 23 xs=1,0 r=6.35315 raw=-0.00490466 curled=-0.00490466
INTRA_PAIR: 0 24 xs=1,0 r=7.57763 raw=-0.00443243 curled=-0.00443243
INTRA_PAIR: 0 26 xs=1,0 r=7.95242 raw=-0.00370018 curled=-0.00370018
INTRA_PAIR: 1 15 xs=8,1 r=6.44516 raw=-0.00512539 curled=-0.00512539
INTRA_PAIR: 1 16 xs=8,8 r=7.2866 raw=-0.0042342 curled=-0.0042342
INTRA_PAIR: 1 17 xs=8,3 r=6.66843 raw=-0.00512004 curled=-0.00512004
INTRA_PAIR: 1 18 xs=8,1 r=7.61243 raw=-0.00398993 curled=-0.00398993
INTRA_PAIR: 1 23 xs=8,0 r=7.42491 raw=-0.00434805 curled=-0.00434805
INTRA_PAIR: 2 9 xs=0,1 r=4.42875 raw=-0.00860102 curled=-0.00860102
INTRA_PAIR: 2 10 xs=0,0 r=4.72528 raw=-0.0230719 curled=-0.0230719
INTRA_PAIR: 2 11 xs=0,0 r=3.75144 raw=-0.0688946 curled=-0.0688946
INTRA_PAIR: 2 12 xs=0,9 r=4.6796 raw=-0.00238762 curled=-0.00238762
INTRA_PAIR: 2 13 xs=0,8 r=5.26796 raw=-0.00331226 curled=-0.00331226
INTRA_PAIR: 2 15 xs=0,1 r=4.21462 raw=-0.0188395 curled=-0.0188395
INTRA_PAIR: 2 16 xs=0,8 r=4.90919 raw=-0.00256212 curled=-0.00256212
INTRA_PAIR: 2 17 xs=0,3 r=4.653 raw=-0.00275514 curled=-0.00275514
INTRA_PAIR: 2 18 xs=0,1 r=5.59697 raw=-0.00359116 curled=-0.00359116
INTRA_PAIR: 2 20 xs=0,0 r=6.94393 raw=-0.00512976 curled=-0.00512976
INTRA_PAIR: 2 21 xs=0,0 r=7.96078 raw=-0.00368342 curled=-0.00368342
INTRA_PAIR: 2 22 xs=0,0 r=7.85417 raw=-0.00390335 curled=-0.00390335
INTRA_PAIR: 2 23 xs=0,0 r=5.47022 raw=-0.00331398 curled=-0.00331398
INTRA_PAIR: 2 24 xs=0,0 r=6.70037 raw=-0.00514314 curled=-0.00514314
INTRA_PAIR: 2 26 xs=0,0 r=7.0316 raw=-0.00508691 curled=-0.00508691
INTRA_PAIR: 3 8 xs=0,1 r=4.83204 raw=-0.00245787 curled=-0.00245787
INTRA_PAIR: 3 9 xs=0,1 r=5.75619 raw=-0.00392784 curled=-0.00392784
INTRA_PAIR: 3 10 xs=0,0 r=5.84451 raw=-0.00410611 curled=-0.00410611
INTRA_PAIR: 3 11 xs=0,0 r=4.72342 raw=-0.0232106 curled=-0.0232106
INTRA_PAIR: 3 12 xs=0,9 r=5.94321 raw=-0.00462971 curled=-0.00462971
INTRA_PAIR: 3 13 xs=0,8 r=6.63126 raw=-0.00515467 curled=-0.00515467
INTRA_PAIR: 3 16 xs=0,8 r=3.5673 raw=-0.0351194 curled=-0.0351194
INTRA_PAIR: 3 17 xs=0,3 r=3.52286 raw=-0.00597391 curled=-0.00597391
INTRA_PAIR: 3 18 xs=0,1 r=4.56221 raw=-0.00492684 curled=-0.00492684
INTRA_PAIR: 3 20 xs=0,0 r=5.86452 raw=-0.00414251 curled=-0.00414251
INTRA_PAIR: 3 21 xs=0,0 r=6.97122 raw=-0.00511799 curled=-0.00511799
INTRA_PAIR: 3 22 xs=0,0 r=7.01786 raw=-0.00509458 curled=-0.00509458
INTRA_PAIR: 3 23 xs=0,0 r=4.65894 raw=-0.0259935 curled=-0.0259935
INTRA_PAIR: 3 24 xs=0,0 r=5.97793 raw=-0.00435431 curled=-0.00435431
INTRA_PAIR: 3 26 xs=0,0 r=6.54228 raw=-0.00507086 curled=-0.00507086
INTRA_PAIR: 4 8 xs=0,1 r=5.26198 raw=-0.00286402 curled=-0.00286402
INTRA_PAIR: 4 9 xs=0,1 r=6.43026 raw=-0.00498356 curled=-0.00498356
INTRA_PAIR: 4 10 xs=0,0 r=5.99833 raw=-0.00439136 curled=-0.00439136
INTRA_PAIR: 4 11 xs=0,0 r=5.03827 raw=-0.0116074 curled=-0.0116074
INTRA_PAIR: 4 12 xs=0,9 r=6.75354 raw=-0.00512573 curled=-0.00512573
INTRA_PAIR: 4 13 xs=0,8 r=7.29599 raw=-0.00456761 curled=-0.00456761
INTRA_PAIR: 4 18 xs=0,1 r=4.3926 raw=-0.00993472 curled=-0.00993472
INTRA_PAIR: 4 20 xs=0,0 r=5.5189 raw=-0.00341998 curled=-0.00341998
INTRA_PAIR: 4 21 xs=0,0 r=6.76664 raw=-0.00515462 curled=-0.00515462
INTRA_PAIR: 4 22 xs=0,0 r=7.06776 raw=-0.00506441 curled=-0.00506441
INTRA_PAIR: 4 23 xs=0,0 r=4.86717 raw=-0.0175278 curled=-0.0175278
INTRA_PAIR: 4 24 xs=0,0 r=6.23108 raw=-0.00475541 curled=-0.00475541
INTRA_PAIR: 4 26 xs=0,0 r=7.04966 raw=-0.00507603 curled=-0.00507603
INTRA_PAIR: 5 8 xs=0,1 r=6.66293 raw=-0.00513173 curled=-0.00513173
INTRA_PAIR: 5 9 xs=0,1 r=7.83069 raw=-0.00395232 curled=-0.00395232
INTRA_PAIR: 5 10 xs=0,0 r=7.37205 raw=-0.00474985 curled=-0.00474985
INTRA_PAIR: 5 11 xs=0,0 r=6.31586 raw=-0.0048626 curled=-0.0048626
INTRA_PAIR: 5 20 xs=0,0 r=4.68239 raw=-0.0249332 curled=-0.0249332
INTRA_PAIR: 5 21 xs=0,0 r=6.01562 raw=-0.00442314 curled=-0.00442314
INTRA_PAIR: 5 22 xs=0,0 r=6.53493 raw=-0.00506611 curled=-0.00506611
INTRA_PAIR: 5 23 xs=0,0 r=4.57216 raw=-0.0303747 curled=-0.0303747
INTRA_PAIR: 5 24 xs=0,0 r=5.91486 raw=-0.00423866 curled=-0.00423866
INTRA_PAIR: 5 25 xs=0,0 r=7.13258 raw=-0.00501621 curled=-0.00501621
INTRA_PAIR: 5 26 xs=0,0 r=6.95617 raw=-0.00512459 curled=-0.00512459
INTRA_PAIR: 6 9 xs=0,1 r=4.72741 raw=-0.00289449 curled=-0.00289449
INTRA_PAIR: 6 10 xs=0,0 r=3.71924 raw=-0.0646288 curled=-0.0646288
INTRA_PAIR: 6 11 xs=0,0 r=3.43942 raw=0.0528696 curled=0.0528669
INTRA_PAIR: 6 12 xs=0,9 r=5.38017 raw=-0.00355582 curled=-0.00355582
INTRA_PAIR: 6 13 xs=0,8 r=5.46015 raw=-0.00372897 curled=-0.00372897
INTRA_PAIR: 6 15 xs=0,1 r=4.8015 raw=-0.00254612 curled=-0.00254612
INTRA_PAIR: 6 16 xs=0,8 r=5.80881 raw=-0.00440789 curled=-0.00440789
INTRA_PAIR: 6 17 xs=0,3 r=5.05614 raw=-0.002649 curled=-0.002649
INTRA_PAIR: 6 18 xs=0,1 r=6.2523 raw=-0.0047821 curled=-0.0047821
INTRA_PAIR: 6 20 xs=0,0 r=7.3825 raw=-0.00473533 curled=-0.00473533
INTRA_PAIR: 6 23 xs=0,0 r=6.51405 raw=-0.00505106 curled=-0.00505106
INTRA_PAIR: 6 24 xs=0,0 r=7.78639 raw=-0.00404109 curled=-0.00404109
INTRA_PAIR: 7 8 xs=0,1 r=4.65794 raw=-0.00350238 curled=-0.00350238
INTRA_PAIR: 7 9 xs=0,1 r=6.00559 raw=-0.00440506 curled=-0.00440506
INTRA_PAIR: 7 10 xs=0,0 r=5.08911 raw=-0.00994981 curled=-0.00994981
INTRA_PAIR: 7 11 xs=0,0 r=4.49544 raw=-0.0347633 curled=-0.0347633
INTRA_PAIR: 7 12 xs=0,9 r=6.52238 raw=-0.00514832 curled=-0.00514832
INTRA_PAIR: 7 13 xs=0,8 r=6.80308 raw=-0.00510254 curled=-0.00510254
INTRA_PAIR: 7 16 xs=0,8 r=4.70359 raw=-0.00237143 curled=-0.00237143
INTRA_PAIR: 7 17 xs=0,3 r=4.01848 raw=-0.0246233 curled=-0.0246233
INTRA_PAIR: 7 18 xs=0,1 r=5.32537 raw=-0.00299694 curled=-0.00299694
INTRA_PAIR: 7 20 xs=0,0 r=6.35698 raw=-0.00491003 curled=-0.00491003
INTRA_PAIR: 7 21 xs=0,0 r=7.60583 raw=-0.00438214 curled=-0.00438214
INTRA_PAIR: 7 22 xs=0,0 r=7.9519 raw=-0.00370018 curled=-0.00370018
INTRA_PAIR: 7 23 xs=0,0 r=5.83141 raw=-0.00407979 curled=-0.00407979
INTRA_PAIR: 7 24 xs=0,0 r=7.15715 raw=-0.00499358 curled=-0.00499358
INTRA_PAIR: 7 26 xs=0,0 r=7.96436 raw=-0.00367503 curled=-0.00367503
INTRA_PAIR: 8 15 xs=1,1 r=7.29968 raw=-0.00484304 curled=-0.00484304
INTRA_PAIR: 8 17 xs=1,3 r=7.28391 raw=-0.00473553 curled=-0.00473553
INTRA_PAIR: 8 23 xs=1,0 r=7.83055 raw=-0.00395232 curled=-0.00395232
INTRA_PAIR: 11 15 xs=0,1 r=6.7445 raw=-0.00515199 curled=-0.00515199
INTRA_PAIR: 11 16 xs=0,8 r=7.76179 raw=-0.00368081 curled=-0.00368081
INTRA_PAIR: 11 17 xs=0,3 r=6.46594 raw=-0.00508533 curled=-0.00508533
INTRA_PAIR: 11 18 xs=0,1 r=7.15797 raw=-0.00499358 curled=-0.00499358
INTRA_PAIR: 11 23 xs=0,0 r=6.84101 raw=-0.00515385 curled=-0.00515385
INTRA_PAIR: 11 24 xs=0,0 r=7.74317 raw=-0.00412835 curled=-0.00412835
INTRA_PAIR: 11 26 xs=0,0 r=7.82782 raw=-0.00396045 curled=-0.00396045
INTRA_PAIR: 15 21 xs=1,0 r=4.65942 raw=-0.00350238 curled=-0.00350238
INTRA_PAIR: 15 22 xs=1,0 r=5.11895 raw=-0.00257758 curled=-0.00257758
INTRA_PAIR: 15 24 xs=1,0 r=4.52943 raw=-0.00565678 curled=-0.00565678
INTRA_PAIR: 15 25 xs=1,0 r=5.84862 raw=-0.00411134 curled=-0.00411134
INTRA_PAIR: 15 26 xs=1,0 r=5.6336 raw=-0.00366891 curled=-0.00366891
INTRA_PAIR: 16 20 xs=8,0 r=3.59488 raw=-0.0360859 curled=-0.0360859
INTRA_PAIR: 16 21 xs=8,0 r=4.73443 raw=-0.00236686 curled=-0.00236686
INTRA_PAIR: 16 22 xs=8,0 r=5.17554 raw=-0.0031086 curled=-0.0031086
INTRA_PAIR: 16 23 xs=8,0 r=3.50912 raw=-0.0283084 curled=-0.0283084
INTRA_PAIR: 16 24 xs=8,0 r=4.65619 raw=-0.00241672 curled=-0.00241672
INTRA_PAIR: 16 25 xs=8,0 r=5.85299 raw=-0.00448579 curled=-0.00448579
INTRA_PAIR: 16 26 xs=8,0 r=5.72227 raw=-0.00425109 curled=-0.00425109
INTRA_DEBUG: ligand 0 num_pairs=193 v[0]=1000
INTRA_PAIR: 0 12 xs=1,9 r=3.72066 raw=-0.0342783 curled=-0.0342783
INTRA_PAIR: 0 13 xs=1,8 r=4.27323 raw=-0.00711989 curled=-0.00711989
INTRA_PAIR: 0 15 xs=1,1 r=5.03194 raw=-0.00244314 curled=-0.00244314
INTRA_PAIR: 0 16 xs=1,8 r=5.4097 raw=-0.00361836 curled=-0.00361836
INTRA_PAIR: 0 17 xs=1,3 r=5.89963 raw=-0.0043917 curled=-0.0043917
INTRA_PAIR: 0 18 xs=1,1 r=6.95415 raw=-0.00512548 curled=-0.00512548
INTRA_PAIR: 0 20 xs=1,0 r=6.96698 raw=-0.00511994 curled=-0.00511994
INTRA_PAIR: 1 15 xs=8,1 r=6.46264 raw=-0.00513173 curled=-0.00513173
INTRA_PAIR: 1 16 xs=8,8 r=6.78002 raw=-0.00497425 curled=-0.00497425
INTRA_PAIR: 1 17 xs=8,3 r=7.29149 raw=-0.00440783 curled=-0.00440783
INTRA_PAIR: 2 9 xs=0,1 r=3.64365 raw=-0.0117051 curled=-0.0117051
INTRA_PAIR: 2 10 xs=0,0 r=4.7744 raw=-0.0210704 curled=-0.0210704
INTRA_PAIR: 2 11 xs=0,0 r=3.77138 raw=-0.0704411 curled=-0.0704411
INTRA_PAIR: 2 12 xs=0,9 r=3.59763 raw=-0.0361168 curled=-0.0361168
INTRA_PAIR: 2 13 xs=0,8 r=4.47705 raw=-0.00330829 curled=-0.00330829
INTRA_PAIR: 2 15 xs=0,1 r=4.19068 raw=-0.0203672 curled=-0.0203672
INTRA_PAIR: 2 16 xs=0,8 r=4.64224 raw=-0.00244 curled=-0.00244
INTRA_PAIR: 2 17 xs=0,3 r=4.8912 raw=-0.00239734 curled=-0.00239734
INTRA_PAIR: 2 18 xs=0,1 r=5.82333 raw=-0.00406388 curled=-0.00406388
INTRA_PAIR: 2 20 xs=0,0 r=5.7456 raw=-0.00390553 curled=-0.00390553
INTRA_PAIR: 2 21 xs=0,0 r=7.01597 raw=-0.00509581 curled=-0.00509581
INTRA_PAIR: 2 23 xs=0,0 r=7.14339 raw=-0.00500697 curled=-0.00500697
INTRA_PAIR: 2 25 xs=0,0 r=7.40016 raw=-0.00471169 curled=-0.00471169
INTRA_PAIR: 3 8 xs=0,1 r=4.67598 raw=-0.00332758 curled=-0.00332758
INTRA_PAIR: 3 9 xs=0,1 r=4.93596 raw=-0.00236691 curled=-0.00236691
INTRA_PAIR: 3 10 xs=0,0 r=6.05704 raw=-0.00449351 curled=-0.00449351
INTRA_PAIR: 3 11 xs=0,0 r=4.75847 raw=-0.0217222 curled=-0.0217222
INTRA_PAIR: 3 12 xs=0,9 r=4.69661 raw=-0.00237486 curled=-0.00237486
INTRA_PAIR: 3 13 xs=0,8 r=5.81354 raw=-0.00441725 curled=-0.00441725
INTRA_PAIR: 3 16 xs=0,8 r=3.45073 raw=-0.0148492 curled=-0.0148492
INTRA_PAIR: 3 17 xs=0,3 r=3.5454 raw=-0.0130246 curled=-0.0130246
INTRA_PAIR: 3 18 xs=0,1 r=4.56566 raw=-0.00486095 curled=-0.00486095
INTRA_PAIR: 3 20 xs=0,0 r=4.67106 raw=-0.0253822 curled=-0.0253822
INTRA_PAIR: 3 21 xs=0,0 r=6.00992 raw=-0.0044096 curled=-0.0044096
INTRA_PAIR: 3 22 xs=0,0 r=7.02579 raw=-0.0050908 curled=-0.0050908
INTRA_PAIR: 3 23 xs=0,0 r=5.84899 raw=-0.00411134 curled=-0.00411134
INTRA_PAIR: 3 24 xs=0,0 r=6.95131 raw=-0.00512636 curled=-0.00512636
INTRA_PAIR: 3 25 xs=0,0 r=6.60612 raw=-0.00510776 curled=-0.00510776
INTRA_PAIR: 4 8 xs=0,1 r=5.24774 raw=-0.0028327 curled=-0.0028327
INTRA_PAIR: 4 9 xs=0,1 r=5.82427 raw=-0.00406388 curled=-0.00406388
INTRA_PAIR: 4 10 xs=0,0 r=6.51822 raw=-0.00505451 curled=-0.00505451
INTRA_PAIR: 4 11 xs=0,0 r=5.09457 raw=-0.00974473 curled=-0.00974473
INTRA_PAIR: 4 12 xs=0,9 r=5.67118 raw=-0.00415735 curled=-0.00415735
INTRA_PAIR: 4 13 xs=0,8 r=6.77838 raw=-0.00511492 curled=-0.00511492
INTRA_PAIR: 4 18 xs=0,1 r=4.67916 raw=-0.00329506 curled=-0.00329506
INTRA_PAIR: 4 20 xs=0,0 r=5.08254 raw=-0.0101553 curled=-0.0101553
INTRA_PAIR: 4 21 xs=0,0 r=6.44416 raw=-0.00499454 curled=-0.00499454
INTRA_PAIR: 4 22 xs=0,0 r=7.29518 raw=-0.00484821 curled=-0.00484821
INTRA_PAIR: 4 23 xs=0,0 r=5.80995 raw=-0.00403716 curled=-0.00403716
INTRA_PAIR: 4 24 xs=0,0 r=7.0175 raw=-0.00509581 curled=-0.00509581
INTRA_PAIR: 4 25 xs=0,0 r=7.22629 raw=-0.0049259 curled=-0.0049259
INTRA_PAIR: 5 8 xs=0,1 r=6.64379 raw=-0.00512466 curled=-0.00512466
INTRA_PAIR: 5 9 xs=0,1 r=7.16251 raw=-0.00498965 curled=-0.00498965
INTRA_PAIR: 5 10 xs=0,0 r=7.93204 raw=-0.00374199 curled=-0.00374199
INTRA_PAIR: 5 11 xs=0,0 r=6.37542 raw=-0.00492835 curled=-0.00492835
INTRA_PAIR: 5 12 xs=0,9 r=6.88694 raw=-0.00505138 curled=-0.00505138
INTRA_PAIR: 5 20 xs=0,0 r=4.47983 raw=-0.0356408 curled=-0.0356408
INTRA_PAIR: 5 21 xs=0,0 r=5.80938 raw=-0.00403179 curled=-0.00403179
INTRA_PAIR: 5 22 xs=0,0 r=6.44392 raw=-0.00499454 curled=-0.00499454
INTRA_PAIR: 5 23 xs=0,0 r=4.70714 raw=-0.0237724 curled=-0.0237724
INTRA_PAIR: 5 24 xs=0,0 r=5.97142 raw=-0.00434493 curled=-0.00434493
INTRA_PAIR: 5 25 xs=0,0 r=6.81765 raw=-0.00515558 curled=-0.00515558
INTRA_PAIR: 5 26 xs=0,0 r=7.10336 raw=-0.00503898 curled=-0.00503898
INTRA_PAIR: 6 9 xs=0,1 r=4.6092 raw=-0.00416251 curled=-0.00416251
INTRA_PAIR: 6 10 xs=0,0 r=4.49938 raw=-0.034548 curled=-0.034548
INTRA_PAIR: 6 11 xs=0,0 r=3.50358 raw=0.0141415 curled=0.0141413
INTRA_PAIR: 6 12 xs=0,9 r=4.90468 raw=-0.0025511 curled=-0.0025511
INTRA_PAIR: 6 13 xs=0,8 r=5.52428 raw=-0.0038604 curled=-0.0038604
INTRA_PAIR: 6 15 xs=0,1 r=4.83925 raw=-0.00244439 curled=-0.00244439
INTRA_PAIR: 6 16 xs=0,8 r=5.20802 raw=-0.00317461 curled=-0.00317461
INTRA_PAIR: 6 17 xs=0,3 r=5.83977 raw=-0.0042862 curled=-0.0042862
INTRA_PAIR: 6 18 xs=0,1 r=7.0351 raw=-0.00508559 curled=-0.00508559
INTRA_PAIR: 6 20 xs=0,0 r=7.25748 raw=-0.0048931 curled=-0.0048931
INTRA_PAIR: 7 8 xs=0,1 r=4.7928 raw=-0.00256835 curled=-0.00256835
INTRA_PAIR: 7 9 xs=0,1 r=5.69748 raw=-0.00380336 curled=-0.00380336
INTRA_PAIR: 7 10 xs=0,0 r=5.86282 raw=-0.00413734 curled=-0.00413734
INTRA_PAIR: 7 11 xs=0,0 r=4.56486 raw=-0.0307452 curled=-0.0307452
INTRA_PAIR: 7 12 xs=0,9 r=5.76628 raw=-0.00433111 curled=-0.00433111
INTRA_PAIR: 7 13 xs=0,8 r=6.66548 raw=-0.00515056 curled=-0.00515056
INTRA_PAIR: 7 16 xs=0,8 r=4.15791 raw=-0.0113592 curled=-0.0113592
INTRA_PAIR: 7 17 xs=0,3 r=4.74364 raw=-0.00243399 curled=-0.00243399
INTRA_PAIR: 7 18 xs=0,1 r=6.01006 raw=-0.0044096 curled=-0.0044096
INTRA_PAIR: 7 20 xs=0,0 r=6.41707 raw=-0.00496989 curled=-0.00496989
INTRA_PAIR: 7 21 xs=0,0 r=7.75984 raw=-0.00409681 curled=-0.00409681
INTRA_PAIR: 7 23 xs=0,0 r=7.0877 raw=-0.00505046 curled=-0.00505046
INTRA_PAIR: 8 15 xs=1,1 r=7.48265 raw=-0.00458958 curled=-0.00458958
INTRA_PAIR: 8 16 xs=1,8 r=7.95094 raw=-0.00326908 curled=-0.00326908
INTRA_PAIR: 9 15 xs=1,1 r=7.77511 raw=-0.00406505 curled=-0.00406505
INTRA_PAIR: 11 15 xs=0,1 r=7.42366 raw=-0.00467838 curled=-0.00467838
INTRA_PAIR: 12 15 xs=9,1 r=7.448 raw=-0.00430619 curled=-0.00430619
INTRA_PAIR: 12 17 xs=9,3 r=7.77096 raw=-0.00344255 curled=-0.00344255
INTRA_PAIR: 15 21 xs=1,0 r=4.30606 raw=-0.013835 curled=-0.013835
INTRA_PAIR: 15 22 xs=1,0 r=4.96502 raw=-0.0023774 curled=-0.0023774
INTRA_PAIR: 15 24 xs=1,0 r=4.62197 raw=-0.00396498 curled=-0.00396498
INTRA_PAIR: 15 25 xs=1,0 r=5.3394 raw=-0.00302876 curled=-0.00302876
INTRA_PAIR: 15 26 xs=1,0 r=5.86349 raw=-0.00414251 curled=-0.00414251
INTRA_PAIR: 16 20 xs=8,0 r=3.01984 raw=0.275053 curled=0.274977
INTRA_PAIR: 16 21 xs=8,0 r=4.11552 raw=-0.013485 curled=-0.013485
INTRA_PAIR: 16 22 xs=8,0 r=4.8382 raw=-0.00245219 curled=-0.00245219
INTRA_PAIR: 16 23 xs=8,0 r=3.79631 raw=-0.0311572 curled=-0.0311572
INTRA_PAIR: 16 24 xs=8,0 r=4.70256 raw=-0.00237143 curled=-0.00237143
INTRA_PAIR: 16 25 xs=8,0 r=4.97874 raw=-0.0026921 curled=-0.0026921
INTRA_PAIR: 16 26 xs=8,0 r=5.96268 raw=-0.00465731 curled=-0.00465731
INTRA_DEBUG: ligand 0 num_pairs=193 v[0]=1000
INTRA_PAIR: 0 12 xs=1,9 r=3.78495 raw=-0.0317264 curled=-0.0317264
INTRA_PAIR: 0 13 xs=1,8 r=4.79801 raw=-0.00240334 curled=-0.00240334
INTRA_PAIR: 0 15 xs=1,1 r=5.03417 raw=-0.00244314 curled=-0.00244314
INTRA_PAIR: 0 16 xs=1,8 r=5.30343 raw=-0.00339007 curled=-0.00339007
INTRA_PAIR: 0 17 xs=1,3 r=6.00122 raw=-0.00456362 curled=-0.00456362
INTRA_PAIR: 0 18 xs=1,1 r=7.05812 raw=-0.00507032 curled=-0.00507032
INTRA_PAIR: 0 23 xs=1,0 r=7.03662 raw=-0.00508426 curled=-0.00508426
INTRA_PAIR: 1 15 xs=8,1 r=6.47842 raw=-0.00513733 curled=-0.00513733
INTRA_PAIR: 1 16 xs=8,8 r=6.66314 raw=-0.00506785 curled=-0.00506785
INTRA_PAIR: 1 17 xs=8,3 r=7.43662 raw=-0.00414146 curled=-0.00414146
INTRA_PAIR: 2 9 xs=0,1 r=4.18152 raw=-0.0208103 curled=-0.0208103
INTRA_PAIR: 2 10 xs=0,0 r=3.47131 raw=0.0325713 curled=0.0325703
INTRA_PAIR: 2 11 xs=0,0 r=4.77664 raw=-0.0209417 curled=-0.0209417
INTRA_PAIR: 2 12 xs=0,9 r=4.02545 raw=-0.0182399 curled=-0.0182399
INTRA_PAIR: 2 13 xs=0,8 r=5.29004 raw=-0.00335774 curled=-0.00335774
INTRA_PAIR: 2 15 xs=0,1 r=4.70538 raw=-0.00306206 curled=-0.00306206
INTRA_PAIR: 2 16 xs=0,8 r=4.88788 raw=-0.00252432 curled=-0.00252432
INTRA_PAIR: 2 17 xs=0,3 r=5.82766 raw=-0.0042614 curled=-0.0042614
INTRA_PAIR: 2 18 xs=0,1 r=6.97985 raw=-0.00511497 curled=-0.00511497
INTRA_PAIR: 2 23 xs=0,0 r=7.17217 raw=-0.00497967 curled=-0.00497967
INTRA_PAIR: 3 8 xs=0,1 r=4.75922 raw=-0.0027224 curled=-0.0027224
INTRA_PAIR: 3 9 xs=0,1 r=5.52163 raw=-0.00342618 curled=-0.00342618
INTRA_PAIR: 3 10 xs=0,0 r=4.48019 raw=-0.0356408 curled=-0.0356408
INTRA_PAIR: 3 11 xs=0,0 r=5.94179 raw=-0.00428766 curled=-0.00428766
INTRA_PAIR: 3 12 xs=0,9 r=5.3864 raw=-0.00356839 curled=-0.00356839
INTRA_PAIR: 3 13 xs=0,8 r=6.58389 raw=-0.0051557 curled=-0.0051557
INTRA_PAIR: 3 16 xs=0,8 r=3.82603 raw=-0.0297415 curled=-0.0297415
INTRA_PAIR: 3 17 xs=0,3 r=4.70335 raw=-0.00254174 curled=-0.00254174
INTRA_PAIR: 3 18 xs=0,1 r=5.92039 raw=-0.00424855 curled=-0.00424855
INTRA_PAIR: 3 20 xs=0,0 r=7.05007 raw=-0.00507603 curled=-0.00507603
INTRA_PAIR: 3 23 xs=0,0 r=6.30964 raw=-0.0048538 curled=-0.0048538
INTRA_PAIR: 3 24 xs=0,0 r=7.66195 raw=-0.00428229 curled=-0.00428229
INTRA_PAIR: 4 8 xs=0,1 r=5.27068 raw=-0.0028766 curled=-0.0028766
INTRA_PAIR: 4 9 xs=0,1 r=6.3015 raw=-0.00484487 curled=-0.00484487
INTRA_PAIR: 4 10 xs=0,0 r=4.92279 raw=-0.0155928 curled=-0.0155928
INTRA_PAIR: 4 11 xs=0,0 r=6.19101 raw=-0.00469939 curled=-0.00469939
INTRA_PAIR: 4 12 xs=0,9 r=6.33362 raw=-0.00506505 curled=-0.00506505
INTRA_PAIR: 4 13 xs=0,8 r=7.34767 raw=-0.00448396 curled=-0.00448396
INTRA_PAIR: 4 18 xs=0,1 r=4.72068 raw=-0.00293916 curled=-0.00293916
INTRA_PAIR: 4 20 xs=0,0 r=5.88948 raw=-0.00418855 curled=-0.00418855
INTRA_PAIR: 4 21 xs=0,0 r=7.11837 raw=-0.00502695 curled=-0.00502695
INTRA_PAIR: 4 22 xs=0,0 r=7.3664 raw=-0.00475846 curled=-0.00475846
INTRA_PAIR: 4 23 xs=0,0 r=5.11046 raw=-0.0092339 curled=-0.0092339
INTRA_PAIR: 4 24 xs=0,0 r=6.47334 raw=-0.00501941 curled=-0.00501941
INTRA_PAIR: 4 26 xs=0,0 r=7.22095 raw=-0.00493268 curled=-0.00493268
INTRA_PAIR: 5 8 xs=0,1 r=6.67817 raw=-0.00513717 curled=-0.00513717
INTRA_PAIR: 5 9 xs=0,1 r=7.69408 raw=-0.00422151 curled=-0.00422151
INTRA_PAIR: 5 10 xs=0,0 r=6.21801 raw=-0.00473828 curled=-0.00473828
INTRA_PAIR: 5 11 xs=0,0 r=7.57806 raw=-0.00443243 curled=-0.00443243
INTRA_PAIR: 5 12 xs=0,9 r=7.70207 raw=-0.00380493 curled=-0.00380493
INTRA_PAIR: 5 20 xs=0,0 r=4.75534 raw=-0.0218543 curled=-0.0218543
INTRA_PAIR: 5 21 xs=0,0 r=6.06749 raw=-0.0045106 curled=-0.0045106
INTRA_PAIR: 5 22 xs=0,0 r=6.52594 raw=-0.00505957 curled=-0.00505957
INTRA_PAIR: 5 23 xs=0,0 r=4.49087 raw=-0.0349802 curled=-0.0349802
INTRA_PAIR: 5 24 xs=0,0 r=5.84708 raw=-0.00411134 curled=-0.00411134
INTRA_PAIR: 5 25 xs=0,0 r=7.22725 raw=-0.0049259 curled=-0.0049259
INTRA_PAIR: 5 26 xs=0,0 r=6.84028 raw=-0.00515385 curled=-0.00515385
INTRA_PAIR: 6 9 xs=0,1 r=4.77263 raw=-0.0026598 curled=-0.0026598
INTRA_PAIR: 6 10 xs=0,0 r=3.49353 raw=0.0192176 curled=0.0192172
INTRA_PAIR: 6 11 xs=0,0 r=4.00855 raw=-0.0656426 curled=-0.0656426
INTRA_PAIR: 6 12 xs=0,9 r=5.05164 raw=-0.00283856 curled=-0.00283856
INTRA_PAIR: 6 13 xs=0,8 r=5.80697 raw=-0.00440789 curled=-0.00440789
INTRA_PAIR: 6 15 xs=0,1 r=4.3389 raw=-0.0122584 curled=-0.0122584
INTRA_PAIR: 6 16 xs=0,8 r=4.78461 raw=-0.0023917 curled=-0.0023917
INTRA_PAIR: 6 17 xs=0,3 r=5.09261 raw=-0.00271536 curled=-0.00271536
INTRA_PAIR: 6 18 xs=0,1 r=6.07524 raw=-0.00452329 curled=-0.00452329
INTRA_PAIR: 6 20 xs=0,0 r=7.40443 raw=-0.0047057 curled=-0.0047057
INTRA_PAIR: 6 23 xs=0,0 r=5.97086 raw=-0.00434023 curled=-0.00434023
INTRA_PAIR: 6 24 xs=0,0 r=7.19413 raw=-0.00495892 curled=-0.00495892
INTRA_PAIR: 6 26 xs=0,0 r=7.51283 raw=-0.00453979 curled=-0.00453979
INTRA_PAIR: 7 8 xs=0,1 r=4.74653 raw=-0.00279329 curled=-0.00279329
INTRA_PAIR: 7 9 xs=0,1 r=5.99641 raw=-0.00438677 curled=-0.00438677
INTRA_PAIR: 7 10 xs=0,0 r=4.51129 raw=-0.0337025 curled=-0.0337025
INTRA_PAIR: 7 11 xs=0,0 r=5.36601 raw=-0.00308607 curled=-0.00308607
INTRA_PAIR: 7 12 xs=0,9 r=6.203 raw=-0.00495736 curled=-0.00495736
INTRA_PAIR: 7 13 xs=0,8 r=7.02106 raw=-0.00493234 curled=-0.00493234
INTRA_PAIR: 7 16 xs=0,8 r=3.67305 raw=-0.0354508 curled=-0.0354508
INTRA_PAIR: 7 17 xs=0,3 r=3.73433 raw=-0.0359735 curled=-0.0359735
INTRA_PAIR: 7 18 xs=0,1 r=4.80459 raw=-0.00253562 curled=-0.00253562
INTRA_PAIR: 7 20 xs=0,0 r=6.08973 raw=-0.00454417 curled=-0.00454417
INTRA_PAIR: 7 21 xs=0,0 r=7.18611 raw=-0.00496734 curled=-0.00496734
INTRA_PAIR: 7 22 xs=0,0 r=7.22648 raw=-0.0049259 curled=-0.0049259
INTRA_PAIR: 7 23 xs=0,0 r=4.89096 raw=-0.0167209 curled=-0.0167209
INTRA_PAIR: 7 24 xs=0,0 r=6.1884 raw=-0.00469577 curled=-0.00469577
INTRA_PAIR: 7 26 xs=0,0 r=6.73098 raw=-0.00514974 curled=-0.00514974
INTRA_PAIR: 8 15 xs=1,1 r=7.59922 raw=-0.00439661 curled=-0.00439661
INTRA_PAIR: 8 16 xs=1,8 r=7.92093 raw=-0.00333419 curled=-0.00333419
INTRA_PAIR: 10 15 xs=0,1 r=7.34494 raw=-0.00478664 curled=-0.00478664
INTRA_PAIR: 10 16 xs=0,8 r=7.86525 raw=-0.00345582 curled=-0.00345582
INTRA_PAIR: 15 21 xs=1,0 r=4.74706 raw=-0.00277476 curled=-0.00277476
INTRA_PAIR: 15 22 xs=1,0 r=5.10412 raw=-0.00255085 curled=-0.00255085
INTRA_PAIR: 15 24 xs=1,0 r=4.41261 raw=-0.00911394 curled=-0.00911394
INTRA_PAIR: 15 25 xs=1,0 r=5.99943 raw=-0.00439136 curled=-0.00439136
INTRA_PAIR: 15 26 xs=1,0 r=5.44437 raw=-0.00325735 curled=-0.00325735
INTRA_PAIR: 16 20 xs=8,0 r=3.85654 raw=-0.0282259 curled=-0.0282259
INTRA_PAIR: 16 21 xs=8,0 r=4.92347 raw=-0.00258464 curled=-0.00258464
INTRA_PAIR: 16 22 xs=8,0 r=5.1532 raw=-0.0030557 curled=-0.0030557
INTRA_PAIR: 16 23 xs=8,0 r=3.20579 raw=0.112479 curled=0.112466
INTRA_PAIR: 16 24 xs=8,0 r=4.41844 raw=-0.00402126 curled=-0.00402126
INTRA_PAIR: 16 25 xs=8,0 r=6.17713 raw=-0.00493184 curled=-0.00493184
INTRA_PAIR: 16 26 xs=8,0 r=5.3262 raw=-0.00343511 curled=-0.00343511
INTRA_DEBUG: ligand 0 num_pairs=193 v[0]=1000
INTRA_PAIR: 0 12 xs=1,9 r=4.6452 raw=-0.00243369 curled=-0.00243369
INTRA_PAIR: 0 13 xs=1,8 r=3.82386 raw=-0.0299505 curled=-0.0299505
INTRA_PAIR: 0 15 xs=1,1 r=5.04881 raw=-0.00246393 curled=-0.00246393
INTRA_PAIR: 0 16 xs=1,8 r=4.99689 raw=-0.00272958 curled=-0.00272958
INTRA_PAIR: 0 17 xs=1,3 r=6.01952 raw=-0.00459234 curled=-0.00459234
INTRA_PAIR: 0 18 xs=1,1 r=7.08695 raw=-0.00505046 curled=-0.00505046
INTRA_PAIR: 0 20 xs=1,0 r=7.34411 raw=-0.00478941 curled=-0.00478941
INTRA_PAIR: 1 15 xs=8,1 r=6.50075 raw=-0.00514343 curled=-0.00514343
INTRA_PAIR: 1 16 xs=8,8 r=6.35186 raw=-0.00515314 curled=-0.00515314
INTRA_PAIR: 1 17 xs=8,3 r=7.46174 raw=-0.0040923 curled=-0.0040923
INTRA_PAIR: 2 9 xs=0,1 r=3.98113 raw=-0.0318547 curled=-0.0318547
INTRA_PAIR: 2 10 xs=0,0 r=4.6974 raw=-0.0242017 curled=-0.0242017
INTRA_PAIR: 2 11 xs=0,0 r=3.41102 raw=0.0717705 curled=0.0717653
INTRA_PAIR: 2 12 xs=0,9 r=5.13476 raw=-0.00301601 curled=-0.00301601
INTRA_PAIR: 2 13 xs=0,8 r=3.7254 raw=-0.03401 curled=-0.03401
INTRA_PAIR: 2 15 xs=0,1 r=4.63916 raw=-0.00374067 curled=-0.00374067
INTRA_PAIR: 2 16 xs=0,8 r=4.55231 raw=-0.00274686 curled=-0.00274686
INTRA_PAIR: 2 17 xs=0,3 r=5.78618 raw=-0.00418527 curled=-0.00418527
INTRA_PAIR: 2 18 xs=0,1 r=6.9133 raw=-0.00513941 curled=-0.00513941
INTRA_PAIR: 2 20 xs=0,0 r=7.41434 raw=-0.0046906 curled=-0.0046906
INTRA_PAIR: 2 23 xs=0,0 r=7.88423 raw=-0.00384165 curled=-0.00384165
INTRA_PAIR: 3 8 xs=0,1 r=4.6545 raw=-0.00353986 curled=-0.00353986
INTRA_PAIR: 3 9 xs=0,1 r=5.32585 raw=-0.00299694 curled=-0.00299694
INTRA_PAIR: 3 10 xs=0,0 r=5.91111 raw=-0.0042337 curled=-0.0042337
INTRA_PAIR: 3 11 xs=0,0 r=4.42497 raw=-0.039422 curled=-0.039422
INTRA_PAIR: 3 12 xs=0,9 r=6.50171 raw=-0.00514343 curled=-0.00514343
INTRA_PAIR: 3 13 xs=0,8 r=4.98569 raw=-0.00270452 curled=-0.00270452
INTRA_PAIR: 3 16 xs=0,8 r=3.52851 raw=-0.0311019 curled=-0.0311019
INTRA_PAIR: 3 17 xs=0,3 r=4.64196 raw=-0.00281184 curled=-0.00281184
INTRA_PAIR: 3 18 xs=0,1 r=5.82705 raw=-0.0040692 curled=-0.0040692
INTRA_PAIR: 3 20 xs=0,0 r=6.50822 raw=-0.00504756 curled=-0.00504756
INTRA_PAIR: 3 21 xs=0,0 r=7.84424 raw=-0.0039238 curled=-0.0039238
INTRA_PAIR: 3 23 xs=0,0 r=6.7001 raw=-0.00514314 curled=-0.00514314
INTRA_PAIR: 3 24 xs=0,0 r=7.9893 raw=-0.00362039 curled=-0.00362039
INTRA_PAIR: 4 8 xs=0,1 r=5.24597 raw=-0.00282646 curled=-0.00282646
INTRA_PAIR: 4 9 xs=0,1 r=6.18984 raw=-0.00469939 curled=-0.00469939
INTRA_PAIR: 4 10 xs=0,0 r=6.27033 raw=-0.00480788 curled=-0.00480788
INTRA_PAIR: 4 11 xs=0,0 r=4.95578 raw=-0.0144897 curled=-0.0144897
INTRA_PAIR: 4 12 xs=0,9 r=7.3233 raw=-0.00452277 curled=-0.00452277
INTRA_PAIR: 4 13 xs=0,8 r=6.05765 raw=-0.00479131 curled=-0.00479131
INTRA_PAIR: 4 18 xs=0,1 r=4.72664 raw=-0.00291652 curled=-0.00291652
INTRA_PAIR: 4 20 xs=0,0 r=5.34368 raw=-0.00303513 curled=-0.00303513
INTRA_PAIR: 4 21 xs=0,0 r=6.71327 raw=-0.00514648 curled=-0.00514648
INTRA_PAIR: 4 22 xs=0,0 r=7.4378 raw=-0.0046567 curled=-0.0046567
INTRA_PAIR: 4 23 xs=0,0 r=5.72442 raw=-0.00386047 curled=-0.00386047
INTRA_PAIR: 4 24 xs=0,0 r=7.00517 raw=-0.00510181 curled=-0.00510181
INTRA_PAIR: 4 25 xs=0,0 r=7.62608 raw=-0.00434558 curled=-0.00434558
INTRA_PAIR: 5 8 xs=0,1 r=6.64144 raw=-0.00512371 curled=-0.00512371
INTRA_PAIR: 5 9 xs=0,1 r=7.56295 raw=-0.00445717 curled=-0.00445717
INTRA_PAIR: 5 10 xs=0,0 r=7.66158 raw=-0.00428229 curled=-0.00428229
INTRA_PAIR: 5 11 xs=0,0 r=6.22193 raw=-0.00474174 curled=-0.00474174
INTRA_PAIR: 5 13 xs=0,8 r=7.34306 raw=-0.00449108 curled=-0.00449108
INTRA_PAIR: 5 20 xs=0,0 r=4.66658 raw=-0.025686 curled=-0.025686
INTRA_PAIR: 5 21 xs=0,0 r=6.00386 raw=-0.0044005 curled=-0.0044005
INTRA_PAIR: 5 22 xs=0,0 r=6.53582 raw=-0.00506611 curled=-0.00506611
INTRA_PAIR: 5 23 xs=0,0 r=4.58871 raw=-0.0294711 curled=-0.0294711
INTRA_PAIR: 5 24 xs=0,0 r=5.92819 raw=-0.0042633 curled=-0.0042633
INTRA_PAIR: 5 25 xs=0,0 r=7.11162 raw=-0.00503217 curled=-0.00503217
INTRA_PAIR: 5 26 xs=0,0 r=6.97935 raw=-0.00511497 curled=-0.00511497
INTRA_PAIR: 6 9 xs=0,1 r=4.81013 raw=-0.00251577 curled=-0.00251577
INTRA_PAIR: 6 10 xs=0,0 r=4.20448 raw=-0.0545583 curled=-0.0545583
INTRA_PAIR: 6 11 xs=0,0 r=3.68227 raw=-0.0571471 curled=-0.0571471
INTRA_PAIR: 6 12 xs=0,9 r=5.746 raw=-0.00429649 curled=-0.00429649
INTRA_PAIR: 6 13 xs=0,8 r=5.1557 raw=-0.00306231 curled=-0.00306231
INTRA_PAIR: 6 15 xs=0,1 r=4.43464 raw=-0.00835472 curled=-0.00835472
INTRA_PAIR: 6 16 xs=0,8 r=4.554 raw=-0.00274686 curled=-0.00274686
INTRA_PAIR: 6 17 xs=0,3 r=5.17318 raw=-0.00288561 curled=-0.00288561
INTRA_PAIR: 6 18 xs=0,1 r=6.20263 raw=-0.00471727 curled=-0.00471727
INTRA_PAIR: 6 20 xs=0,0 r=6.32032 raw=-0.00486839 curled=-0.00486839
INTRA_PAIR: 6 21 xs=0,0 r=7.63178 raw=-0.0043382 curled=-0.0043382
INTRA_PAIR: 6 23 xs=0,0 r=7.43912 raw=-0.0046567 curled=-0.0046567
INTRA_PAIR: 7 8 xs=0,1 r=4.81097 raw=-0.00251577 curled=-0.00251577
INTRA_PAIR: 7 9 xs=0,1 r=5.98403 raw=-0.00436365 curled=-0.00436365
INTRA_PAIR: 7 10 xs=0,0 r=5.54822 raw=-0.00348779 curled=-0.00348779
INTRA_PAIR: 7 11 xs=0,0 r=4.64946 raw=-0.0264618 curled=-0.0264618
INTRA_PAIR: 7 12 xs=0,9 r=7.00983 raw=-0.00494377 curled=-0.00494377
INTRA_PAIR: 7 13 xs=0,8 r=6.13675 raw=-0.00488779 curled=-0.00488779
INTRA_PAIR: 7 16 xs=0,8 r=3.5111 raw=-0.0283084 curled=-0.0283084
INTRA_PAIR: 7 17 xs=0,3 r=3.83031 raw=-0.0338975 curled=-0.0338975
INTRA_PAIR: 7 18 xs=0,1 r=4.94565 raw=-0.00236909 curled=-0.00236909
INTRA_PAIR: 7 20 xs=0,0 r=5.21631 raw=-0.00572225 curled=-0.00572225
INTRA_PAIR: 7 21 xs=0,0 r=6.57716 raw=-0.00509267 curled=-0.00509267
INTRA_PAIR: 7 22 xs=0,0 r=7.51549 raw=-0.00453641 curled=-0.00453641
INTRA_PAIR: 7 23 xs=0,0 r=6.15034 raw=-0.00463986 curled=-0.00463986
INTRA_PAIR: 7 24 xs=0,0 r=7.32581 raw=-0.00481128 curled=-0.00481128
INTRA_PAIR: 7 25 xs=0,0 r=7.25747 raw=-0.0048931 curled=-0.0048931
INTRA_PAIR: 8 15 xs=1,1 r=7.63157 raw=-0.0043382 curled=-0.0043382
INTRA_PAIR: 8 16 xs=1,8 r=7.60839 raw=-0.00399822 curled=-0.00399822
INTRA_PAIR: 11 15 xs=0,1 r=7.43811 raw=-0.0046567 curled=-0.0046567
INTRA_PAIR: 11 16 xs=0,8 r=7.64385 raw=-0.00392741 curled=-0.00392741
INTRA_PAIR: 15 21 xs=1,0 r=4.63946 raw=-0.00374067 curled=-0.00374067
INTRA_PAIR: 15 22 xs=1,0 r=5.1204 raw=-0.00257758 curled=-0.00257758
INTRA_PAIR: 15 24 xs=1,0 r=4.55217 raw=-0.00513207 curled=-0.00513207
INTRA_PAIR: 15 25 xs=1,0 r=5.81504 raw=-0.00404788 curled=-0.00404788
INTRA_PAIR: 15 26 xs=1,0 r=5.67101 raw=-0.00375124 curled=-0.00375124
INTRA_PAIR: 16 20 xs=8,0 r=3.53803 raw=-0.0322646 curled=-0.0322646
INTRA_PAIR: 16 21 xs=8,0 r=4.69231 raw=-0.00237692 curled=-0.00237692
INTRA_PAIR: 16 22 xs=8,0 r=5.17683 raw=-0.0031086 curled=-0.0031086
INTRA_PAIR: 16 23 xs=8,0 r=3.5666 raw=-0.0351194 curled=-0.0351194
INTRA_PAIR: 16 24 xs=8,0 r=4.7005 raw=-0.00237143 curled=-0.00237143
INTRA_PAIR: 16 25 xs=8,0 r=5.78183 raw=-0.00436029 curled=-0.00436029
INTRA_PAIR: 16 26 xs=8,0 r=5.7968 raw=-0.00438901 curled=-0.00438901
INTRA_DEBUG: ligand 0 num_pairs=193 v[0]=1000
INTRA_PAIR: 0 12 xs=1,9 r=4.81719 raw=-0.00242397 curled=-0.00242397
INTRA_PAIR: 0 13 xs=1,8 r=3.79985 raw=-0.0309621 curled=-0.0309621
INTRA_PAIR: 0 15 xs=1,1 r=5.02624 raw=-0.00243532 curled=-0.00243532
INTRA_PAIR: 0 16 xs=1,8 r=4.7456 raw=-0.00236911 curled=-0.00236911
INTRA_PAIR: 0 17 xs=1,3 r=6.30785 raw=-0.00496214 curled=-0.00496214
INTRA_PAIR: 0 18 xs=1,1 r=7.36881 raw=-0.0047556 curled=-0.0047556
INTRA_PAIR: 0 20 xs=1,0 r=7.95114 raw=-0.00370018 curled=-0.00370018
INTRA_PAIR: 0 23 xs=1,0 r=7.99551 raw=-0.00360775 curled=-0.00360775
INTRA_PAIR: 1 15 xs=8,1 r=6.46032 raw=-0.00513087 curled=-0.00513087
INTRA_PAIR: 1 16 xs=8,8 r=6.06284 raw=-0.00501206 curled=-0.00501206
INTRA_PAIR: 1 17 xs=8,3 r=7.75112 raw=-0.00348653 curled=-0.00348653
INTRA_PAIR: 2 9 xs=0,1 r=4.17907 raw=-0.0210327 curled=-0.0210327
INTRA_PAIR: 2 10 xs=0,0 r=3.40579 raw=0.0750565 curled=0.0750509
INTRA_PAIR: 2 11 xs=0,0 r=4.74623 raw=-0.0222544 curled=-0.0222544
INTRA_PAIR: 2 12 xs=0,9 r=5.41959 raw=-0.00363697 curled=-0.00363697
INTRA_PAIR: 2 13 xs=0,8 r=3.87043 raw=-0.0273254 curled=-0.0273254
INTRA_PAIR: 2 15 xs=0,1 r=4.49586 raw=-0.00652533 curled=-0.00652533
INTRA_PAIR: 2 16 xs=0,8 r=4.28776 raw=-0.00670014 curled=-0.00670014
INTRA_PAIR: 2 17 xs=0,3 r=5.67935 raw=-0.00397572 curled=-0.00397572
INTRA_PAIR: 2 18 xs=0,1 r=6.74716 raw=-0.00515231 curled=-0.00515231
INTRA_PAIR: 2 20 xs=0,0 r=7.5372 raw=-0.00450236 curled=-0.00450236
INTRA_PAIR: 2 23 xs=0,0 r=7.19469 raw=-0.00495892 curled=-0.00495892
INTRA_PAIR: 3 8 xs=0,1 r=4.7389 raw=-0.00283203 curled=-0.00283203
INTRA_PAIR: 3 9 xs=0,1 r=5.52507 raw=-0.00343236 curled=-0.00343236
INTRA_PAIR: 3 10 xs=0,0 r=4.42933 raw=-0.0391725 curled=-0.0391725
INTRA_PAIR: 3 11 xs=0,0 r=5.91009 raw=-0.00422873 curled=-0.00422873
INTRA_PAIR: 3 12 xs=0,9 r=6.76611 raw=-0.00512101 curled=-0.00512101
INTRA_PAIR: 3 13 xs=0,8 r=5.18656 raw=-0.00312842 curled=-0.00312842
INTRA_PAIR: 3 16 xs=0,8 r=3.31317 raw=0.0425917 curled=0.0425899
INTRA_PAIR: 3 17 xs=0,3 r=4.38662 raw=-0.0067766 curled=-0.0067766
INTRA_PAIR: 3 18 xs=0,1 r=5.52082 raw=-0.00342618 curled=-0.00342618
INTRA_PAIR: 3 20 xs=0,0 r=6.40047 raw=-0.0049533 curled=-0.0049533
INTRA_PAIR: 3 21 xs=0,0 r=7.52954 raw=-0.00451264 curled=-0.00451264
INTRA_PAIR: 3 22 xs=0,0 r=7.86924 raw=-0.00387462 curled=-0.00387462
INTRA_PAIR: 3 23 xs=0,0 r=5.99719 raw=-0.00438677 curled=-0.00438677
INTRA_PAIR: 3 24 xs=0,0 r=7.17581 raw=-0.00497764 curled=-0.00497764
INTRA_PAIR: 3 26 xs=0,0 r=7.97384 raw=-0.00365404 curled=-0.00365404
INTRA_PAIR: 4 8 xs=0,1 r=5.26896 raw=-0.0028766 curled=-0.0028766
INTRA_PAIR: 4 9 xs=0,1 r=6.31647 raw=-0.0048626 curled=-0.0048626
INTRA_PAIR: 4 10 xs=0,0 r=4.92379 raw=-0.0155928 curled=-0.0155928
INTRA_PAIR: 4 11 xs=0,0 r=6.16959 raw=-0.00467006 curled=-0.00467006
INTRA_PAIR: 4 12 xs=0,9 r=7.50252 raw=-0.00420491 curled=-0.00420491
INTRA_PAIR: 4 13 xs=0,8 r=6.19881 raw=-0.00495238 curled=-0.00495238
INTRA_PAIR: 4 18 xs=0,1 r=4.88956 raw=-0.00237764 curled=-0.00237764
INTRA_PAIR: 4 20 xs=0,0 r=5.58985 raw=-0.00357305 curled=-0.00357305
INTRA_PAIR: 4 21 xs=0,0 r=6.81758 raw=-0.00515558 curled=-0.00515558
INTRA_PAIR: 4 22 xs=0,0 r=7.37147 raw=-0.00475273 curled=-0.00475273
INTRA_PAIR: 4 23 xs=0,0 r=5.65536 raw=-0.00371614 curled=-0.00371614
INTRA_PAIR: 4 24 xs=0,0 r=6.85694 raw=-0.00515184 curled=-0.00515184
INTRA_PAIR: 4 25 xs=0,0 r=7.79789 raw=-0.00402104 curled=-0.00402104
INTRA_PAIR: 4 26 xs=0,0 r=7.86992 raw=-0.00387462 curled=-0.00387462
INTRA_PAIR: 5 8 xs=0,1 r=6.6759 raw=-0.00513643 curled=-0.00513643
INTRA_PAIR: 5 9 xs=0,1 r=7.7099 raw=-0.00419071 curled=-0.00419071
INTRA_PAIR: 5 10 xs=0,0 r=6.21768 raw=-0.00473828 curled=-0.00473828
INTRA_PAIR: 5 11 xs=0,0 r=7.5547 raw=-0.00447118 curled=-0.00447118
INTRA_PAIR: 5 13 xs=0,8 r=7.53063 raw=-0.00415315 curled=-0.00415315
INTRA_PAIR: 5 20 xs=0,0 r=4.55554 raw=-0.0311211 curled=-0.0311211
INTRA_PAIR: 5 21 xs=0,0 r=5.86133 raw=-0.00413734 curled=-0.00413734
INTRA_PAIR: 5 22 xs=0,0 r=6.4323 raw=-0.00498356 curled=-0.00498356
INTRA_PAIR: 5 23 xs=0,0 r=4.62697 raw=-0.0274255 curled=-0.0274255
INTRA_PAIR: 5 24 xs=0,0 r=5.90196 raw=-0.00421374 curled=-0.00421374
INTRA_PAIR: 5 25 xs=0,0 r=6.91485 raw=-0.00513875 curled=-0.00513875
INTRA_PAIR: 5 26 xs=0,0 r=6.9871 raw=-0.00511078 curled=-0.00511078
INTRA_PAIR: 6 9 xs=0,1 r=4.79624 raw=-0.00255703 curled=-0.00255703
INTRA_PAIR: 6 10 xs=0,0 r=3.56318 raw=-0.0171807 curled=-0.0171807
INTRA_PAIR: 6 11 xs=0,0 r=4.01142 raw=-0.0656426 curled=-0.0656426
INTRA_PAIR: 6 12 xs=0,9 r=5.81089 raw=-0.00441258 curled=-0.00441258
INTRA_PAIR: 6 13 xs=0,8 r=5.1055 raw=-0.00295656 curled=-0.00295656
INTRA_PAIR: 6 15 xs=0,1 r=4.54501 raw=-0.00527532 curled=-0.00527532
INTRA_PAIR: 6 16 xs=0,8 r=4.3676 raw=-0.00484868 curled=-0.00484868
INTRA_PAIR: 6 17 xs=0,3 r=5.833 raw=-0.00427136 curled=-0.00427136
INTRA_PAIR: 6 18 xs=0,1 r=6.9069 raw=-0.00514133 curled=-0.00514133
INTRA_PAIR: 6 20 xs=0,0 r=7.30974 raw=-0.0048326 curled=-0.0048326
INTRA_PAIR: 6 23 xs=0,0 r=7.74433 raw=-0.00412442 curled=-0.00412442
INTRA_PAIR: 7 8 xs=0,1 r=4.76418 raw=-0.0026901 curled=-0.0026901
INTRA_PAIR: 7 9 xs=0,1 r=6.02004 raw=-0.00442763 curled=-0.00442763
INTRA_PAIR: 7 10 xs=0,0 r=4.56456 raw=-0.0307452 curled=-0.0307452
INTRA_PAIR: 7 11 xs=0,0 r=5.35984 raw=-0.00307334 curled=-0.00307334
INTRA_PAIR: 7 12 xs=0,9 r=7.10005 raw=-0.0048426 curled=-0.0048426
INTRA_PAIR: 7 13 xs=0,8 r=6.1734 raw=-0.00492655 curled=-0.00492655
INTRA_PAIR: 7 16 xs=0,8 r=3.39705 raw=0.00364519 curled=0.00364518
INTRA_PAIR: 7 17 xs=0,3 r=4.55919 raw=-0.00348373 curled=-0.00348373
INTRA_PAIR: 7 18 xs=0,1 r=5.69211 raw=-0.00379183 curled=-0.00379183
INTRA_PAIR: 7 20 xs=0,0 r=6.11127 raw=-0.00458094 curled=-0.00458094
INTRA_PAIR: 7 21 xs=0,0 r=7.32253 raw=-0.00481666 curled=-0.00481666
INTRA_PAIR: 7 23 xs=0,0 r=6.62342 raw=-0.00511561 curled=-0.00511561
INTRA_PAIR: 7 24 xs=0,0 r=7.74126 raw=-0.00413227 curled=-0.00413227
INTRA_PAIR: 8 15 xs=1,1 r=7.62513 raw=-0.00434926 curled=-0.00434926
INTRA_PAIR: 8 16 xs=1,8 r=7.35956 raw=-0.00446247 curled=-0.00446247
INTRA_PAIR: 10 15 xs=0,1 r=7.3995 raw=-0.00471169 curled=-0.00471169
INTRA_PAIR: 10 16 xs=0,8 r=7.38025 raw=-0.00442982 curled=-0.00442982
INTRA_PAIR: 13 16 xs=8,8 r=7.99522 raw=-0.00272935 curled=-0.00272935
INTRA_PAIR: 15 21 xs=1,0 r=4.39778 raw=-0.00979362 curled=-0.00979362
INTRA_PAIR: 15 22 xs=1,0 r=4.94545 raw=-0.00236909 curled=-0.00236909
INTRA_PAIR: 15 24 xs=1,0 r=4.50346 raw=-0.0063399 curled=-0.0063399
INTRA_PAIR: 15 25 xs=1,0 r=5.50139 raw=-0.00338273 curled=-0.00338273
INTRA_PAIR: 15 26 xs=1,0 r=5.67724 raw=-0.00376288 curled=-0.00376288
INTRA_PAIR: 16 20 xs=8,0 r=3.32999 raw=0.0351538 curled=0.0351525
INTRA_PAIR: 16 21 xs=8,0 r=4.3289 raw=-0.00568217 curled=-0.00568217
INTRA_PAIR: 16 22 xs=8,0 r=4.80527 raw=-0.00240982 curled=-0.00240982
INTRA_PAIR: 16 23 xs=8,0 r=3.50902 raw=-0.0283084 curled=-0.0283084
INTRA_PAIR: 16 24 xs=8,0 r=4.4555 raw=-0.00352772 curled=-0.00352772
INTRA_PAIR: 16 25 xs=8,0 r=5.35589 raw=-0.00349894 curled=-0.00349894
INTRA_PAIR: 16 26 xs=8,0 r=5.56838 raw=-0.00395313 curled=-0.00395313
INTRA_DEBUG: ligand 0 num_pairs=193 v[0]=1000
INTRA_PAIR: 0 12 xs=1,9 r=3.99448 raw=-0.0200575 curled=-0.0200575
INTRA_PAIR: 0 13 xs=1,8 r=3.96736 raw=-0.0216911 curled=-0.0216911
INTRA_PAIR: 0 15 xs=1,1 r=5.05009 raw=-0.00246829 curled=-0.00246829
INTRA_PAIR: 0 16 xs=1,8 r=5.2835 raw=-0.00334477 curled=-0.00334477
INTRA_PAIR: 0 17 xs=1,3 r=5.70115 raw=-0.00402001 curled=-0.00402001
INTRA_PAIR: 0 18 xs=1,1 r=6.76699 raw=-0.00515462 curled=-0.00515462
INTRA_PAIR: 0 20 xs=1,0 r=6.79744 raw=-0.00515599 curled=-0.00515599
INTRA_PAIR: 1 15 xs=8,1 r=6.50438 raw=-0.00514403 curled=-0.00514403
INTRA_PAIR: 1 16 xs=8,8 r=6.65945 raw=-0.00506941 curled=-0.00506941
INTRA_PAIR: 1 17 xs=8,3 r=7.11961 raw=-0.00468268 curled=-0.00468268
INTRA_PAIR: 2 9 xs=0,1 r=4.61948 raw=-0.00401282 curled=-0.00401282
INTRA_PAIR: 2 10 xs=0,0 r=3.51554 raw=0.00681062 curled=0.00681057
INTRA_PAIR: 2 11 xs=0,0 r=4.4876 raw=-0.0351988 curled=-0.0351988
INTRA_PAIR: 2 12 xs=0,9 r=5.20355 raw=-0.00316802 curled=-0.00316802
INTRA_PAIR: 2 13 xs=0,8 r=5.24131 raw=-0.00325347 curled=-0.00325347
INTRA_PAIR: 2 15 xs=0,1 r=4.70182 raw=-0.00308866 curled=-0.00308866
INTRA_PAIR: 2 16 xs=0,8 r=4.84587 raw=-0.00246096 curled=-0.00246096
INTRA_PAIR: 2 17 xs=0,3 r=5.61433 raw=-0.00383914 curled=-0.00383914
INTRA_PAIR: 2 18 xs=0,1 r=6.76971 raw=-0.00515481 curled=-0.00515481
INTRA_PAIR: 2 20 xs=0,0 r=6.94141 raw=-0.00513058 curled=-0.00513058
INTRA_PAIR: 2 23 xs=0,0 r=7.98745 raw=-0.0036246 curled=-0.0036246
INTRA_PAIR: 3 8 xs=0,1 r=4.78859 raw=-0.00259226 curled=-0.00259226
INTRA_PAIR: 3 9 xs=0,1 r=5.72169 raw=-0.0038548 curled=-0.0038548
INTRA_PAIR: 3 10 xs=0,0 r=4.51947 raw=-0.0332891 curled=-0.0332891
INTRA_PAIR: 3 11 xs=0,0 r=5.82127 raw=-0.00405856 curled=-0.00405856
INTRA_PAIR: 3 12 xs=0,9 r=6.1299 raw=-0.00487909 curled=-0.00487909
INTRA_PAIR: 3 13 xs=0,8 r=6.37047 raw=-0.00508832 curled=-0.00508832
INTRA_PAIR: 3 16 xs=0,8 r=3.7739 raw=-0.03227 curled=-0.03227
INTRA_PAIR: 3 17 xs=0,3 r=4.56062 raw=-0.00348373 curled=-0.00348373
INTRA_PAIR: 3 18 xs=0,1 r=5.78142 raw=-0.00397751 curled=-0.00397751
INTRA_PAIR: 3 20 xs=0,0 r=6.14135 raw=-0.00462444 curled=-0.00462444
INTRA_PAIR: 3 21 xs=0,0 r=7.51395 raw=-0.00453979 curled=-0.00453979
INTRA_PAIR: 3 23 xs=0,0 r=6.92693 raw=-0.00513523 curled=-0.00513523
INTRA_PAIR: 4 8 xs=0,1 r=5.25777 raw=-0.00285147 curled=-0.00285147
INTRA_PAIR: 4 9 xs=0,1 r=5.87975 raw=-0.0041733 curled=-0.0041733
INTRA_PAIR: 4 10 xs=0,0 r=4.9549 raw=-0.0144897 curled=-0.0144897
INTRA_PAIR: 4 11 xs=0,0 r=6.51984 raw=-0.00505621 curled=-0.00505621
INTRA_PAIR: 4 12 xs=0,9 r=6.09865 raw=-0.00484293 curled=-0.00484293
INTRA_PAIR: 4 13 xs=0,8 r=6.49975 raw=-0.00514281 curled=-0.00514281
INTRA_PAIR: 4 18 xs=0,1 r=4.56323 raw=-0.00492684 curled=-0.00492684
INTRA_PAIR: 4 20 xs=0,0 r=5.01588 raw=-0.0123432 curled=-0.0123432
INTRA_PAIR: 4 21 xs=0,0 r=6.39395 raw=-0.00494842 curled=-0.00494842
INTRA_PAIR: 4 22 xs=0,0 r=7.22559 raw=-0.00492817 curled=-0.00492817
INTRA_PAIR: 4 23 xs=0,0 r=5.6848 raw=-0.00378028 curled=-0.00378028
INTRA_PAIR: 4 24 xs=0,0 r=6.91637 raw=-0.00513875 curled=-0.00513875
INTRA_PAIR: 4 25 xs=0,0 r=7.21051 raw=-0.00494379 curled=-0.00494379
INTRA_PAIR: 5 8 xs=0,1 r=6.65722 raw=-0.00513005 curled=-0.00513005
INTRA_PAIR: 5 9 xs=0,1 r=7.24376 raw=-0.00490739 curled=-0.00490739
INTRA_PAIR: 5 10 xs=0,0 r=6.23322 raw=-0.0047588 curled=-0.0047588
INTRA_PAIR: 5 11 xs=0,0 r=7.919 raw=-0.00377116 curled=-0.00377116
INTRA_PAIR: 5 12 xs=0,9 r=7.35991 raw=-0.00446247 curled=-0.00446247
INTRA_PAIR: 5 13 xs=0,8 r=7.87309 raw=-0.00343844 curled=-0.00343844
INTRA_PAIR: 5 20 xs=0,0 r=4.54026 raw=-0.0320849 curled=-0.0320849
INTRA_PAIR: 5 21 xs=0,0 r=5.90461 raw=-0.00421875 curled=-0.00421875
INTRA_PAIR: 5 22 xs=0,0 r=6.53214 raw=-0.0050645 curled=-0.0050645
INTRA_PAIR: 5 23 xs=0,0 r=4.70958 raw=-0.0237724 curled=-0.0237724
INTRA_PAIR: 5 24 xs=0,0 r=6.02056 raw=-0.00442763 curled=-0.00442763
INTRA_PAIR: 5 25 xs=0,0 r=6.93965 raw=-0.00513058 curled=-0.00513058
INTRA_PAIR: 5 26 xs=0,0 r=7.14449 raw=-0.00500509 curled=-0.00500509
INTRA_PAIR: 6 9 xs=0,1 r=3.64905 raw=-0.0142625 curled=-0.0142625
INTRA_PAIR: 6 10 xs=0,0 r=3.52497 raw=0.00211161 curled=0.0021116
INTRA_PAIR: 6 11 xs=0,0 r=4.84379 raw=-0.0184702 curled=-0.0184702
INTRA_PAIR: 6 12 xs=0,9 r=3.93582 raw=-0.0235834 curled=-0.0235834
INTRA_PAIR: 6 13 xs=0,8 r=4.16307 raw=-0.0111942 curled=-0.0111942
INTRA_PAIR: 6 15 xs=0,1 r=4.36963 raw=-0.0109709 curled=-0.0109709
INTRA_PAIR: 6 16 xs=0,8 r=4.78374 raw=-0.0023917 curled=-0.0023917
INTRA_PAIR: 6 17 xs=0,3 r=4.74206 raw=-0.00244017 curled=-0.00244017
INTRA_PAIR: 6 18 xs=0,1 r=5.74686 raw=-0.00390553 curled=-0.00390553
INTRA_PAIR: 6 20 xs=0,0 r=5.7851 raw=-0.00398298 curled=-0.00398298
INTRA_PAIR: 6 21 xs=0,0 r=7.00918 raw=-0.00509945 curled=-0.00509945
INTRA_PAIR: 6 23 xs=0,0 r=6.94984 raw=-0.00512723 curled=-0.00512723
INTRA_PAIR: 6 24 xs=0,0 r=7.98442 raw=-0.00362881 curled=-0.00362881
INTRA_PAIR: 6 25 xs=0,0 r=7.49165 raw=-0.00457644 curled=-0.00457644
INTRA_PAIR: 7 8 xs=0,1 r=4.69599 raw=-0.00314396 curled=-0.00314396
INTRA_PAIR: 7 9 xs=0,1 r=4.99404 raw=-0.00240129 curled=-0.00240129
INTRA_PAIR: 7 10 xs=0,0 r=4.54068 raw=-0.0320849 curled=-0.0320849
INTRA_PAIR: 7 11 xs=0,0 r=6.11637 raw=-0.00458897 curled=-0.00458897
INTRA_PAIR: 7 12 xs=0,9 r=5.12075 raw=-0.00298957 curled=-0.00298957
INTRA_PAIR: 7 13 xs=0,8 r=5.5416 raw=-0.00389547 curled=-0.00389547
INTRA_PAIR: 7 16 xs=0,8 r=3.6734 raw=-0.0354508 curled=-0.0354508
INTRA_PAIR: 7 17 xs=0,3 r=3.4118 raw=0.0439086 curled=0.0439067
INTRA_PAIR: 7 18 xs=0,1 r=4.52676 raw=-0.00573718 curled=-0.00573718
INTRA_PAIR: 7 20 xs=0,0 r=4.78668 raw=-0.0205588 curled=-0.0205588
INTRA_PAIR: 7 21 xs=0,0 r=6.08885 raw=-0.00454417 curled=-0.00454417
INTRA_PAIR: 7 22 xs=0,0 r=6.98156 raw=-0.00511394 curled=-0.00511394
INTRA_PAIR: 7 23 xs=0,0 r=5.68445 raw=-0.00378028 curled=-0.00378028
INTRA_PAIR: 7 24 xs=0,0 r=6.80331 raw=-0.00515598 curled=-0.00515598
INTRA_PAIR: 7 25 xs=0,0 r=6.79383 raw=-0.00515593 curled=-0.00515593
INTRA_PAIR: 8 15 xs=1,1 r=7.59304 raw=-0.00440742 curled=-0.00440742
INTRA_PAIR: 8 16 xs=1,8 r=7.89441 raw=-0.00339066 curled=-0.00339066
INTRA_PAIR: 10 15 xs=0,1 r=7.38751 raw=-0.00472947 curled=-0.00472947
INTRA_PAIR: 10 16 xs=0,8 r=7.87762 raw=-0.00342976 curled=-0.00342976
INTRA_PAIR: 10 17 xs=0,3 r=7.87926 raw=-0.0036425 curled=-0.0036425
INTRA_PAIR: 15 21 xs=1,0 r=4.4695 raw=-0.00722263 curled=-0.00722263
INTRA_PAIR: 15 22 xs=1,0 r=5.11391 raw=-0.00256678 curled=-0.00256678
INTRA_PAIR: 15 24 xs=1,0 r=4.70775 raw=-0.00303615 curled=-0.00303615
INTRA_PAIR: 15 25 xs=1,0 r=5.53638 raw=-0.00345705 curled=-0.00345705
INTRA_PAIR: 15 26 xs=1,0 r=5.93353 raw=-0.00427308 curled=-0.00427308
INTRA_PAIR: 16 20 xs=8,0 r=3.07621 raw=0.219933 curled=0.219885
INTRA_PAIR: 16 21 xs=8,0 r=4.34078 raw=-0.00543742 curled=-0.00543742
INTRA_PAIR: 16 22 xs=8,0 r=5.15087 raw=-0.0030557 curled=-0.0030557
INTRA_PAIR: 16 23 xs=8,0 r=3.95008 raw=-0.0226355 curled=-0.0226355
INTRA_PAIR: 16 24 xs=8,0 r=4.98537 raw=-0.00270452 curled=-0.00270452
INTRA_PAIR: 16 25 xs=8,0 r=5.1975 raw=-0.00315483 curled=-0.00315483
INTRA_PAIR: 16 26 xs=8,0 r=6.28623 raw=-0.00503058 curled=-0.00503058

mode |   affinity | dist from best mode
     | (kcal/mol) | rmsd l.b.| rmsd u.b.
-----+------------+----------+----------
   1       -8.018          0          0
   2       -7.832     0.6159      1.825
   3       -7.778      1.684      2.253
   4       -7.754      1.882      3.082
   5       -7.711      2.649      8.802
   6       -7.681      2.672      8.938
   7       -7.517      2.551      2.995
   8       -7.329      3.437      4.613
   9       -7.265      2.983      8.791
